'FLWS','NASDAQ'     
'FCTY','NASDAQ'     
'FCCY','NASDAQ'     
'SRCE','NASDAQ'     
'FUBC','NASDAQ'     
'TCHC','NASDAQ'     
'VNET','NASDAQ'       
'SSRX','NASDAQ'     
'JOBS','NASDAQ'     
'EGHT','NASDAQ'     
'SHLM','NASDAQ'     
'AONE','NASDAQ'     
'AAON','NASDAQ'     
'ASTM','NASDAQ'     
'ABAX','NASDAQ'     
'ABMD','NASDAQ'     
'AXAS','NASDAQ'     
'ACTG','NASDAQ'     
'ACHC','NASDAQ'     
'ACAD','NASDAQ'     
'ACCL','NASDAQ'     
'ANCX','NASDAQ'     
'ARAY','NASDAQ'     
'ACRX','NASDAQ'     
'ACET','NASDAQ'     
'ACHN','NASDAQ'     
'ACIW','NASDAQ'     
'APKT','NASDAQ'     
'ACNB','NASDAQ'     
'ACOR','NASDAQ'       
'ACFN','NASDAQ'     
'ACTS','NASDAQ'     
'ACPW','NASDAQ'     
'ATVI','NASDAQ'     
'BIRT','NASDAQ'     
'ACUR','NASDAQ'     
'ACXM','NASDAQ'     
'ADES','NASDAQ'     
'ADGF','NASDAQ'     
'ADUS','NASDAQ'     
'AEY','NASDAQ'      
'ADEP','NASDAQ'     
'ADBE','NASDAQ'     
'ADLR','NASDAQ'     
'ADTN','NASDAQ'     
'AATI','NASDAQ'     
'AEIS','NASDAQ'     
'ADVS','NASDAQ'     
'AVCA','NASDAQ'     
'AEGR','NASDAQ'     
'AEGN','NASDAQ'     
'AEHR','NASDAQ'     
'AEPI','NASDAQ'     
'AVAV','NASDAQ'     
'AEZS','NASDAQ'     
'ATRM','NASDAQ'     
'AFCE','NASDAQ'     
'AFFM','NASDAQ'     
'AFFY','NASDAQ'     
'AFFX','NASDAQ'     
'AGEN','NASDAQ'     
'FEED','NASDAQ'     
'AGYS','NASDAQ'     
'AIRM','NASDAQ'     
'AIRT','NASDAQ'     
'ATSG','NASDAQ'     
'AMCN','NASDAQ'     
'AIXG','NASDAQ'     
'AKAM','NASDAQ'     
'AKRX','NASDAQ'     
'ALSK','NASDAQ'     
'AMRI','NASDAQ'     
'ALXN','NASDAQ'     
'ALXA','NASDAQ'     
'ALCO','NASDAQ'     
'ALGN','NASDAQ'     
'ALIM','NASDAQ'     
'ALKS','NASDAQ'     
'ALGT','NASDAQ'     
'ALLB','NASDAQ'     
'ABVA','NASDAQ'     
'AFOP','NASDAQ'     
'ALNC','NASDAQ'     
'AHGP','NASDAQ'     
'ARLP','NASDAQ'     
'AHPI','NASDAQ'     
'AMOT','NASDAQ'     
'ALTH','NASDAQ'     
'ALLT','NASDAQ'     
'MDRX','NASDAQ'     
'AFAM','NASDAQ'     
'ALNY','NASDAQ'     
'AOSL','NASDAQ'     
'ATEC','NASDAQ'     
'ALTI','NASDAQ'     
'ALTR','NASDAQ'     
'ALTE','NASDAQ'     
'ASPS','NASDAQ'     
'APSA','NASDAQ'     
'AIMC','NASDAQ'     
'ALVR','NASDAQ'     
'AMAG','NASDAQ'     
'AMRN','NASDAQ'     
'AMZN','NASDAQ'     
'EPAX','NASDAQ'     
'AMBT','NASDAQ'     
'AMCX','NASDAQ'     
'AMED','NASDAQ'     
'UHAL','NASDAQ'     
'ASBI','NASDAQ'     
'ATAX','NASDAQ'     
'AMOV','NASDAQ'     
'AGNC','NASDAQ'     
'MTGE','NASDAQ'     
'ACAS','NASDAQ'     
'ANCI','NASDAQ'     
'ADPI','NASDAQ'     
'AETI','NASDAQ'     
'AMIC','NASDAQ'     
'ALRN','NASDAQ'     
'AMAC','NASDAQ'     
'AMNB','NASDAQ'     
'ANAT','NASDAQ'     
'APFC','NASDAQ'     
'APEI','NASDAQ'     
'ARII','NASDAQ'     
'ARCP','NASDAQ'     
'AMRB','NASDAQ'     
'ASEI','NASDAQ'     
'AMSWA','NASDAQ'    
'AMSC','NASDAQ'     
'AMWD','NASDAQ'     
'CRMT','NASDAQ'     
'ARGN','NASDAQ'     
'ABCB','NASDAQ'     
'AMSF','NASDAQ'     
'ASRV','NASDAQ'     
'ASRVP','NASDAQ'    
'ASCA','NASDAQ'     
'AMTC','NASDAQ'     
'AMTCP','NASDAQ'    
'ATLO','NASDAQ'     
'AMGN','NASDAQ'     
'FOLD','NASDAQ'     
'AMKR','NASDAQ'     
'AMPL','NASDAQ'     
'AMPE','NASDAQ'     
'AMSG','NASDAQ'     
'ASYS','NASDAQ'     
'AFSI','NASDAQ'     
'AMLN','NASDAQ'     
'AMRS','NASDAQ'     
'ANAC','NASDAQ'     
'ANAD','NASDAQ'     
'ALOG','NASDAQ'     
'ANLY','NASDAQ'     
'ANEN','NASDAQ'     
'ACOM       
'ANCB','NASDAQ'     
'AMCF','NASDAQ'     
'ANGN','NASDAQ'     
'ANGI','NASDAQ'     
'ANGO','NASDAQ'     
'ANIK','NASDAQ'     
'ANNB','NASDAQ'     
'ANSS','NASDAQ'     
'ANTH','NASDAQ'     
'APAGF','NASDAQ'    
'ATNY','NASDAQ'     
'APOG','NASDAQ'     
'APOL','NASDAQ'     
'AINV','NASDAQ'     
'AAPL','NASDAQ'     
'ARCI','NASDAQ'     
'AERG','NASDAQ'     
'AMAT','NASDAQ'     
'AMCC','NASDAQ'     
'AREX','NASDAQ'     
'APRI','NASDAQ'     
'ARSD','NASDAQ'     
'ARCW','NASDAQ'     
'ABIO','NASDAQ'     
'ACGL','NASDAQ'     
'ARCL','NASDAQ'     
'ACAT','NASDAQ'     
'RDEA','NASDAQ'     
'ARDNA','NASDAQ'    
'ARNA','NASDAQ'     
'ARCC','NASDAQ'     
'AGII','NASDAQ'     
'ARIA','NASDAQ'          
'ARBA','NASDAQ'     
'ARKR','NASDAQ'     
'ABFS','NASDAQ'     
'ARMH','NASDAQ'     
'ARTX','NASDAQ'     
'ARQL','NASDAQ'     
'ARRY','NASDAQ'     
'ARRS','NASDAQ'     
'AROW','NASDAQ'     
'ARWRD','NASDAQ'    
'ARTNA','NASDAQ'    
'ARTC','NASDAQ'     
'ARTW','NASDAQ'     
'ARUN','NASDAQ'     
'ASBB','NASDAQ'     
'ASNA','NASDAQ'     
'ASCMA','NASDAQ'    
'ASTI','NASDAQ'     
'AERL','NASDAQ'     
'APWC','NASDAQ'     
'ASIA','NASDAQ'     
'ASMI','NASDAQ'     
'ASML','NASDAQ'     
'AZPN','NASDAQ'     
'APPY','NASDAQ'     
'AACC','NASDAQ'     
'ASBC','NASDAQ'     
'ASBCW','NASDAQ'    
'ASFI','NASDAQ'     
'ATEA','NASDAQ'     
'ASTE','NASDAQ'     
'ASTX','NASDAQ'     
'ALOT','NASDAQ'     
'ATRO','NASDAQ'     
'ASTC','NASDAQ'     
'ASUR','NASDAQ'     
'ATAI','NASDAQ'     
'ATHN','NASDAQ'     
'AFCB','NASDAQ'     
'ATHX','NASDAQ'     
'AAME','NASDAQ'     
'ACFC','NASDAQ'     
'ATNI','NASDAQ'     
'AAWW','NASDAQ'     
'ATML','NASDAQ'     
'ATMI','NASDAQ'     
'ATPG','NASDAQ'     
'ATRC','NASDAQ'     
'ATRI','NASDAQ'     
'AUBN','NASDAQ'     
'AUDC','NASDAQ'     
'VOXX','NASDAQ'     
'AAC','NASDAQ'      
'AACOU','NASDAQ'    
'AACOW','NASDAQ'    
'AUTH','NASDAQ'     
'ADAT','NASDAQ'     
'ABTL','NASDAQ'     
'ADSK','NASDAQ'     
'ADP','NASDAQ'      
'AMAP','NASDAQ'     
'AUXL','NASDAQ'     
'AVGO','NASDAQ'     
'AVNR','NASDAQ'     
'AVTR','NASDAQ'     
'AVEO','NASDAQ'     
'AVII','NASDAQ'     
'AVNW','NASDAQ'     
'AVID','NASDAQ'     
'CAR','NASDAQ'      
'AWRE','NASDAQ'     
'ACLS','NASDAQ'     
'AXTI','NASDAQ'     
'BCOM','NASDAQ'     
'BOSC','NASDAQ'     
'BIDU','NASDAQ'     
'BCPC','NASDAQ'     
'BWINA','NASDAQ'    
'BWINB','NASDAQ'    
'BLDP','NASDAQ'     
'BANF','NASDAQ'     
'BANFP','NASDAQ'    
'BARI','NASDAQ'     
'BTFG','NASDAQ'     
'BKMU','NASDAQ'     
'BOCH','NASDAQ'     
'BMRC','NASDAQ'     
'BKSC','NASDAQ'     
'BCAR','NASDAQ'     
'OZRK','NASDAQ'     
'BOVA','NASDAQ'     
'BBXT','NASDAQ'     
'BFIN','NASDAQ'     
'BANR','NASDAQ'     
'BBSI','NASDAQ'     
'BSET','NASDAQ'     
'MSDXP','NASDAQ'    
'BBCN','NASDAQ'     
'BCBP','NASDAQ'     
'BCDS','NASDAQ'     
'BCSB','NASDAQ'     
'BEAV','NASDAQ'     
'BFED','NASDAQ'     
'BECN','NASDAQ'     
'BBGI','NASDAQ'     
'BEBE','NASDAQ'     
'BBBY','NASDAQ'     
'BELFA','NASDAQ'    
'BELFB','NASDAQ'    
'BNCL','NASDAQ'     
'BNHN','NASDAQ'     
'BERK','NASDAQ'     
'BHLB','NASDAQ'     
'BGMD','NASDAQ'     
'BGCP','NASDAQ'     
'BIDZ','NASDAQ'     
'BGFV','NASDAQ'     
'BASI','NASDAQ'     
'BIOC','NASDAQ'     
'BCRX','NASDAQ'           
'BIOD','NASDAQ'     
'BDSI','NASDAQ'     
'BIOF','NASDAQ'     
'BIIB','NASDAQ'     
'BLTI','NASDAQ'     
'BLRX','NASDAQ'     
'BMRN','NASDAQ'     
'BMTI','NASDAQ'     
'BNVI','NASDAQ'     
'BRLI','NASDAQ'     
'BPAX','NASDAQ'          
'BIOS','NASDAQ'     
'BSTC','NASDAQ'     
'BSPM','NASDAQ'     
'BDMS','NASDAQ'     
'BITS','NASDAQ'     
'BJRI','NASDAQ'     
'BBOX','NASDAQ'     
'BDE','NASDAQ'      
'BLKB','NASDAQ'     
'BKCC','NASDAQ'     
'ADRA','NASDAQ'     
'ADRD','NASDAQ'     
'ADRE','NASDAQ'     
'ADRU','NASDAQ'     
'BCSI','NASDAQ'     
'BDCO','NASDAQ'     
'NILE','NASDAQ'     
'MNGL','NASDAQ'     
'MNGLU','NASDAQ'    
'MNGLW','NASDAQ'    
'BFLY','NASDAQ'     
'BKEP','NASDAQ'     
'BKEPP','NASDAQ'    
'BPHX','NASDAQ'     
'BMC','NASDAQ'      
'BNCN','NASDAQ'     
'BOBE','NASDAQ'     
'BODY','NASDAQ'     
'BOFI','NASDAQ'     
'WIFI','NASDAQ'     
'BOKF','NASDAQ'     
'BOLT','NASDAQ'     
'BONA','NASDAQ'     
'BNSO','NASDAQ'     
'BAMM','NASDAQ'     
'BPFH','NASDAQ'     
'BPFHW','NASDAQ'    
'EPAY','NASDAQ'     
'BBRG','NASDAQ'     
'BBEP','NASDAQ'     
'BDGE','NASDAQ'     
'BBNK','NASDAQ'     
'BLIN       
'BRID','NASDAQ'     
'BEXP','NASDAQ'     
'CELL','NASDAQ'     
'BKBK','NASDAQ'     
'BRCM','NASDAQ'     
'BSFT','NASDAQ'     
'BVSN','NASDAQ'     
'BYFC','NASDAQ'     
'BWEN','NASDAQ'     
'BRCD','NASDAQ'     
'BRKL','NASDAQ'     
'BFSB','NASDAQ'     
'BRKS','NASDAQ'     
'BRKR','NASDAQ'     
'BMTC','NASDAQ'     
'BLMT','NASDAQ'     
'BSDM','NASDAQ'     
'BSQR','NASDAQ'     
'BTUI','NASDAQ'     
'BWLD','NASDAQ'     
'BLDR','NASDAQ'     
'BUR','NASDAQ'      
'CFFI','NASDAQ'     
'CHRW','NASDAQ'     
'CA','NASDAQ'       
'CCMP','NASDAQ'     
'CACH','NASDAQ'     
'CDNS','NASDAQ'     
'CADX','NASDAQ'     
'CDZI','NASDAQ'     
'CLMS','NASDAQ'     
'CAMP','NASDAQ'     
'CVGW','NASDAQ'     
'CFNB','NASDAQ'     
'CALD','NASDAQ'     
'CALM','NASDAQ'     
'CLMT','NASDAQ'     
'ABCD','NASDAQ'     
'CAFI','NASDAQ'     
'CAC','NASDAQ'      
'CAMT','NASDAQ'     
'CSIQ','NASDAQ'     
'CPHC','NASDAQ'     
'CBNJ','NASDAQ'     
'CPLA','NASDAQ'     
'CBKN','NASDAQ'     
'CCBG','NASDAQ'     
'CPLP','NASDAQ'     
'CSWC','NASDAQ'     
'CFFN','NASDAQ'     
'CPST','NASDAQ'     
'CARB','NASDAQ'     
'CRDC','NASDAQ'     
'CFNL','NASDAQ'     
'CRME','NASDAQ'     
'BEAT','NASDAQ'     
'CSII','NASDAQ'     
'CATM','NASDAQ'     
'CECO','NASDAQ'     
'CBOU','NASDAQ'     
'CKEC','NASDAQ'     
'CLBH','NASDAQ'     
'CART','NASDAQ'     
'CRZO','NASDAQ'     
'CRRB','NASDAQ'     
'TAST','NASDAQ'     
'CARV','NASDAQ'     
'CASM','NASDAQ'     
'CACB','NASDAQ'     
'CSCD','NASDAQ'     
'CWST','NASDAQ'     
'CASY','NASDAQ'     
'CASS','NASDAQ'     
'CMRG','NASDAQ'     
'CHSI','NASDAQ'     
'CPRX','NASDAQ'     
'CATY','NASDAQ'     
'CVCO','NASDAQ'     
'CAVM','NASDAQ'     
'CAZA','NASDAQ'     
'CAZAU','NASDAQ'    
'CAZAW','NASDAQ'    
'CBEY','NASDAQ'     
'CBOE','NASDAQ'     
'CDCS','NASDAQ'     
'CFK','NASDAQ'      
'CECE','NASDAQ'     
'CELG','NASDAQ'     
'CELGZ','NASDAQ'    
'CTIC','NASDAQ'     
'CLDX','NASDAQ'     
'CLSN','NASDAQ'     
'CNBC','NASDAQ'     
'CSFL','NASDAQ'     
'CEBK','NASDAQ'     
'CEDC','NASDAQ'     
'CETV','NASDAQ'     
'CFBK','NASDAQ'     
'CENT','NASDAQ'     
'CENTA','NASDAQ'    
'CVCY','NASDAQ'     
'CVBK','NASDAQ'     
'CENX','NASDAQ'     
'CNBKA','NASDAQ'    
'CNTY','NASDAQ'     
'CPHD','NASDAQ'     
'CRDN','NASDAQ'     
'CRNT','NASDAQ'     
'CERP','NASDAQ'     
'CERN','NASDAQ'     
'CERS','NASDAQ'     
'CEVA','NASDAQ'     
'CITZ','NASDAQ'     
'CHMP','NASDAQ'     
'CYOU','NASDAQ'     
'CTHR','NASDAQ'     
'CHRM','NASDAQ'     
'CHRS','NASDAQ'     
'GTLS','NASDAQ'     
'CHTR','NASDAQ'     
'CHFN','NASDAQ'     
'CHKP','NASDAQ'     
'CHTP','NASDAQ'                    
'CHFC','NASDAQ'     
'CHKE','NASDAQ'     
'CHEV','NASDAQ'     
'CBNK','NASDAQ'     
'CADC','NASDAQ'     
'CALI','NASDAQ'     
'CAAS','NASDAQ'     
'CBAK','NASDAQ'     
'CBPO','NASDAQ'         
'CCCL','NASDAQ'     
'CCCLU','NASDAQ'    
'CCCLW','NASDAQ'    
'CCGM','NASDAQ'     
'CDII','NASDAQ'     
'JRJC','NASDAQ'     
'CHOP','NASDAQ'     
'GRRF','NASDAQ'     
'CGEI','NASDAQ'     
'CGEIU','NASDAQ'    
'CGEIW','NASDAQ'    
'HGSH','NASDAQ'     
'CHLN','NASDAQ'     
'CNIT','NASDAQ'     
'CJJD','NASDAQ'     
'HTHT','NASDAQ'     
'CMED','NASDAQ'     
'CHNG','NASDAQ'     
'CHNR','NASDAQ'     
'NKBP','NASDAQ'     
'CPSL','NASDAQ'     
'CRIC','NASDAQ'     
'CREG','NASDAQ'     
'CPGI','NASDAQ'     
'CSKI','NASDAQ'     
'CSUN','NASDAQ'     
'CNTF','NASDAQ'     
'CTDC','NASDAQ'     
'CTFO','NASDAQ'     
'CVVT','NASDAQ'     
'CXDC','NASDAQ'     
'CNYD','NASDAQ'     
'CCIH','NASDAQ'     
'CAST','NASDAQ'     
'CEDU','NASDAQ'     
'CNET','NASDAQ'     
'CHDX','NASDAQ'     
'IMOS','NASDAQ'     
'CHSCP','NASDAQ'    
'CHDN','NASDAQ'     
'CHYR','NASDAQ'     
'CIEN','NASDAQ'     
'DFR','NASDAQ'      
'CIMT','NASDAQ'     
'CINF','NASDAQ'     
'CIDM','NASDAQ'     
'CTAS','NASDAQ'     
'CRUS','NASDAQ'     
'CSCO','NASDAQ'     
'CTRN','NASDAQ'     
'CZNC','NASDAQ'     
'CZWI','NASDAQ'     
'CZFC','NASDAQ'     
'CIZN','NASDAQ'     
'CRBC','NASDAQ'     
'CSBC','NASDAQ'     
'CTXS','NASDAQ'     
'CHCO','NASDAQ'     
'CTEL','NASDAQ'     
'CWEI','NASDAQ'     
'CDTI','NASDAQ'     
'CLNE','NASDAQ'     
'CLNT','NASDAQ'     
'CLFD','NASDAQ'     
'CLRO','NASDAQ'     
'CLWR','NASDAQ'     
'CBLI','NASDAQ'     
'CKSW','NASDAQ'     
'CSBK','NASDAQ'     
'CLVS','NASDAQ'     
'CME','NASDAQ'      
'CMSB','NASDAQ'     
'CCNE','NASDAQ'     
'CISG','NASDAQ'     
'COBZ','NASDAQ'     
'COBR','NASDAQ'     
'COKE','NASDAQ'     
'CDXS','NASDAQ'     
'CVLY','NASDAQ'     
'JVA','NASDAQ'      
'CCOI','NASDAQ'     
'CGNX','NASDAQ'     
'CTSH','NASDAQ'     
'COGO','NASDAQ'     
'COHR','NASDAQ'     
'COHU','NASDAQ'     
'CSTR','NASDAQ'     
'CWTR','NASDAQ'     
'CCIX','NASDAQ'     
'CLCT','NASDAQ'     
'COBK','NASDAQ'     
'CBAN','NASDAQ'     
'COLB','NASDAQ'     
'CBRX','NASDAQ'     
'COLM','NASDAQ'     
'CMCO','NASDAQ'     
'CBMX','NASDAQ'     
'CBMXW','NASDAQ'    
'CMCSA','NASDAQ'    
'CMCSK','NASDAQ'    
'CBSH','NASDAQ'     
'CMFB','NASDAQ'     
'CNAF','NASDAQ'     
'CVGI','NASDAQ'     
'CTCH','NASDAQ'     
'JCS','NASDAQ'      
'CBIN','NASDAQ'     
'CFFC','NASDAQ'     
'CPBC','NASDAQ'     
'CTBI','NASDAQ'     
'CWBC','NASDAQ'     
'CVLT','NASDAQ'     
'GNOM','NASDAQ'     
'GSJK','NASDAQ'     
'CCRT','NASDAQ'     
'CGEN','NASDAQ'     
'CPSI','NASDAQ'     
'CTGX','NASDAQ'     
'CPWR','NASDAQ'     
'SCOR','NASDAQ'     
'CHCI','NASDAQ'     
'CMTL','NASDAQ'     
'COMV','NASDAQ'     
'CMVT','NASDAQ'     
'CPTS','NASDAQ'     
'CNQR','NASDAQ'     
'CCUR','NASDAQ'     
'CNMD','NASDAQ'     
'CTWS','NASDAQ'     
'CONN','NASDAQ'     
'CNSL','NASDAQ'     
'CWCO','NASDAQ'     
'CTCT','NASDAQ'     
'CPSS','NASDAQ'     
'CNVO','NASDAQ'     
'CPNO','NASDAQ'     
'CPRT','NASDAQ'     
'CORT','NASDAQ'     
'CORE','NASDAQ'     
'COCO','NASDAQ'     
'CSOD','NASDAQ'     
'CRTX','NASDAQ'     
'CRVL','NASDAQ'     
'COSI','NASDAQ'     
'CPWM','NASDAQ'     
'CSGP','NASDAQ'     
'COST','NASDAQ'     
'CRRC','NASDAQ'     
'CVTI','NASDAQ'     
'COWN','NASDAQ'     
'CRAI','NASDAQ'     
'CBRL','NASDAQ'     
'HOOK','NASDAQ'     
'CRAY','NASDAQ'     
'CACC','NASDAQ'     
'CRED','NASDAQ'     
'CREE','NASDAQ'     
'CRFN','NASDAQ'     
'CRESW','NASDAQ'    
'CRESY','NASDAQ'    
'CXPO','NASDAQ'     
'CROX','NASDAQ'     
'ATX','NASDAQ'      
'CCRN','NASDAQ'     
'CRDS','NASDAQ'     
'XTXI','NASDAQ'     
'XTEX','NASDAQ'     
'CRWS','NASDAQ'     
'CRWN','NASDAQ'     
'CRMB','NASDAQ'     
'CRMBU','NASDAQ'    
'CRMBW','NASDAQ'    
'CRYP','NASDAQ'     
'CSGS','NASDAQ'     
'CSPI','NASDAQ'     
'CSRE','NASDAQ'     
'CTCM','NASDAQ'     
'CTIB','NASDAQ'     
'CTRP','NASDAQ'     
'CBST','NASDAQ'     
'CPIX','NASDAQ'     
'CMLS','NASDAQ'     
'CRIS','NASDAQ'     
'CUTR','NASDAQ'     
'CVBF','NASDAQ'     
'CVV','NASDAQ'      
'CYAN','NASDAQ'     
'CYDE','NASDAQ'     
'CYBX','NASDAQ'     
'CYBE','NASDAQ'     
'CYBI','NASDAQ'     
'CYCC','NASDAQ'     
'CYCCP','NASDAQ'    
'CYMI','NASDAQ'     
'CYNO','NASDAQ'     
'CY','NASDAQ'       
'CYTK','NASDAQ'     
'CYTX','NASDAQ'     
'CYTXW','NASDAQ'    
'CYTR','NASDAQ'     
'DMED','NASDAQ'     
'DAEG','NASDAQ'     
'DJCO','NASDAQ'     
'DAKT','NASDAQ'     
'DARA','NASDAQ'     
'DAIO','NASDAQ'     
'DTLK','NASDAQ'     
'DRAM','NASDAQ'     
'DWCH','NASDAQ'     
'DWSN','NASDAQ'     
'DSTI','NASDAQ'     
'DDIC','NASDAQ'     
'TRAK','NASDAQ'     
'DECK','NASDAQ'     
'DEER','NASDAQ'     
'DHRM','NASDAQ'     
'DCTH','NASDAQ'     
'DLIA','NASDAQ'     
'DELL','NASDAQ'     
'DGAS','NASDAQ'     
'DPTR','NASDAQ'     
'PROJ','NASDAQ'     
'DMAN','NASDAQ'     
'DNDN','NASDAQ'     
'DENN','NASDAQ'     
'XRAY','NASDAQ'     
'DEPO','NASDAQ'     
'DSCI','NASDAQ'     
'DEST','NASDAQ'     
'DSWL','NASDAQ'     
'DXCM','NASDAQ'     
'DLLR','NASDAQ'     
'DLGC','NASDAQ'     
'DMND','NASDAQ'     
'DHFT','NASDAQ'     
'DHIL','NASDAQ'     
'DCIX','NASDAQ'     
'DGII','NASDAQ'     
'DMRC','NASDAQ'     
'DRAD','NASDAQ'     
'DGLY','NASDAQ'     
'DGIT','NASDAQ'     
'DRIV','NASDAQ'     
'DCOM','NASDAQ'     
'DIOD','NASDAQ'     
'DTV','NASDAQ'      
'DISCA','NASDAQ'    
'DISCB','NASDAQ'    
'DISCK','NASDAQ'    
'DSCO','NASDAQ'       
'DISH','NASDAQ'     
'DITC','NASDAQ'     
'DNBF','NASDAQ'     
'DLTR','NASDAQ'     
'DGICA','NASDAQ'    
'DGICB','NASDAQ'    
'DMLP','NASDAQ'     
'DORM','NASDAQ'     
'HILL','NASDAQ'     
'DBLE','NASDAQ'     
'DBLEP','NASDAQ'    
'DOVR','NASDAQ'     
'DRWI','NASDAQ'     
'DROOY','NASDAQ'    
'DWA','NASDAQ'      
'TBUS','NASDAQ'     
'DRYS','NASDAQ'     
'DSPG','NASDAQ'     
'DTSI','NASDAQ'     
'DUCK','NASDAQ'     
'DNKN','NASDAQ'     
'DRRX','NASDAQ'     
'DUSA','NASDAQ'     
'DXPE','NASDAQ'     
'DYAX','NASDAQ'     
'DYII','NASDAQ'     
'BOOM','NASDAQ'     
'DRCO','NASDAQ'     
'DYSL','NASDAQ'     
'DYNT','NASDAQ'     
'DVAX','NASDAQ'     
'DVOX','NASDAQ'     
'ETFC','NASDAQ'     
'EBMT','NASDAQ'     
'EGBN','NASDAQ'     
'EGLE','NASDAQ'     
'EROC','NASDAQ'     
'EROCW','NASDAQ'    
'ELNK','NASDAQ'     
'ESTE','NASDAQ'     
'EWBC','NASDAQ'     
'EIHI','NASDAQ'     
'EVBS','NASDAQ'     
'ESIC','NASDAQ'     
'EBAY','NASDAQ'     
'EBIX','NASDAQ'     
'ECBE','NASDAQ'     
'ELON','NASDAQ'     
'ECHO','NASDAQ'     
'ECTE','NASDAQ'     
'SATS','NASDAQ'     
'EEI','NASDAQ'      
'ECTY','NASDAQ'     
'EDAC','NASDAQ'     
'EDAP','NASDAQ'     
'EF','NASDAQ'       
'EDGR','NASDAQ'     
'EDGW','NASDAQ'         
'EDMC','NASDAQ'     
'EDUC','NASDAQ'     
'EFUT','NASDAQ'     
'EGAN','NASDAQ'     
'EHTH','NASDAQ'     
'BAGL','NASDAQ'     
'EMITF','NASDAQ'    
'ESLT','NASDAQ'     
'ESYS','NASDAQ'     
'ELRC','NASDAQ'     
'ESIO','NASDAQ'     
'ERTS','NASDAQ'     
'EFII','NASDAQ'     
'ELSE','NASDAQ'     
'RDEN','NASDAQ'     
'LONG','NASDAQ'     
'ELTK','NASDAQ'     
'EMCI','NASDAQ'     
'EMCF','NASDAQ'     
'EMKR','NASDAQ'     
'EMMS','NASDAQ'     
'EMMSP','NASDAQ'    
'NYNY','NASDAQ'     
'EBTX','NASDAQ'     
'ECPG','NASDAQ'     
'WIRE','NASDAQ'     
'ENDP','NASDAQ'     
'ECYT','NASDAQ'     
'ELGX','NASDAQ'     
'ENER','NASDAQ'     
'ERII','NASDAQ'     
'EXXI','NASDAQ'     
'ENOC','NASDAQ'     
'ENG','NASDAQ'      
'ESGR','NASDAQ'     
'ENTG','NASDAQ'     
'ETRM','NASDAQ'     
'EBTC','NASDAQ'     
'EFSC','NASDAQ'     
'ENMD','NASDAQ'     
'ENTR','NASDAQ'     
'ECGI','NASDAQ'     
'ENZN','NASDAQ'        
'EONC','NASDAQ'     
'EOSPN','NASDAQ'    
'EPIQ','NASDAQ'     
'PLUS','NASDAQ'     
'EPHC','NASDAQ'     
'EPOC','NASDAQ'     
'EQIX','NASDAQ'     
'ERT','NASDAQ'      
'ERIE','NASDAQ'     
'ESBF','NASDAQ'     
'ESCA','NASDAQ'     
'ESMC','NASDAQ'     
'ESSA','NASDAQ'     
'ESSX','NASDAQ'     
'CLWT','NASDAQ'     
'EEFT','NASDAQ'     
'ESEA','NASDAQ'     
'EVEP','NASDAQ'     
'EVOL','NASDAQ'     
'EXAS','NASDAQ'     
'EXAC','NASDAQ'     
'EXAR','NASDAQ'     
'EDS','NASDAQ'      
'EXEL','NASDAQ'     
'EXFO','NASDAQ'     
'XIDE','NASDAQ'     
'EXLS','NASDAQ'     
'EXPE','NASDAQ'     
'EXPD','NASDAQ'     
'EXPO','NASDAQ'     
'ESRX','NASDAQ'     
'EXLP','NASDAQ'     
'EXTR','NASDAQ'     
'EZCH','NASDAQ'     
'EZPW','NASDAQ'     
'FFIV','NASDAQ'     
'FRP','NASDAQ'      
'FALC','NASDAQ'     
'DAVE','NASDAQ'     
'FARM','NASDAQ'     
'FFKT','NASDAQ'     
'FMNB','NASDAQ'     
'FARO','NASDAQ'     
'FAST','NASDAQ'     
'FBSS','NASDAQ'     
'FBRC','NASDAQ'     
'FDML','NASDAQ'     
'FFCO','NASDAQ'     
'FEIC','NASDAQ'     
'FHCO','NASDAQ'     
'FFDF','NASDAQ'     
'FTWR','NASDAQ'     
'FSBI','NASDAQ'     
'ONEQ','NASDAQ'     
'LION','NASDAQ'     
'FDUS','NASDAQ'     
'FSC','NASDAQ'      
'FITB','NASDAQ'     
'FITBP','NASDAQ'    
'FNGN','NASDAQ'     
'FISI','NASDAQ'     
'FNSR','NASDAQ'     
'FABK','NASDAQ'     
'FBNC','NASDAQ'     
'FNLC','NASDAQ'     
'FBSI','NASDAQ'     
'BUSE','NASDAQ'     
'FBIZ','NASDAQ'     
'FCAL','NASDAQ'     
'FCVA','NASDAQ'     
'FCAP','NASDAQ'     
'FCFS','NASDAQ'     
'FCZA','NASDAQ'     
'FCNCA','NASDAQ'    
'FCLF','NASDAQ'     
'FCBC','NASDAQ'     
'FCCO','NASDAQ'     
'FBNK','NASDAQ'     
'FDEF','NASDAQ'     
'FFBH','NASDAQ'     
'FFNM','NASDAQ'     
'FFBC','NASDAQ'     
'FFBCW','NASDAQ'    
'FFIN','NASDAQ'     
'THFF','NASDAQ'     
'FFCH','NASDAQ'     
'FFNW','NASDAQ'     
'FFKY','NASDAQ'     
'FIBK','NASDAQ'     
'FMFC','NASDAQ'     
'FRME','NASDAQ'     
'FMBI','NASDAQ'     
'FNFG','NASDAQ'     
'BANC','NASDAQ'     
'FRCCO','NASDAQ'    
'FSFG','NASDAQ'     
'FSGI','NASDAQ'     
'FSLR','NASDAQ'     
'FSBK','NASDAQ'     
'BICK','NASDAQ'     
'SKYY','NASDAQ'     
'CU','NASDAQ'       
'PLTM','NASDAQ'     
'CARZ','NASDAQ'     
'QABA','NASDAQ'     
'FONE','NASDAQ'     
'GRID','NASDAQ'     
'QCLN','NASDAQ'     
'QQEW','NASDAQ'     
'QQXT','NASDAQ'     
'QTEC','NASDAQ'     
'FUNC','NASDAQ'     
'FBMI','NASDAQ'     
'FCFC','NASDAQ'     
'SVVC','NASDAQ'     
'FMER','NASDAQ'     
'FSRV','NASDAQ'     
'FISV','NASDAQ'     
'FSCI','NASDAQ'     
'FLML','NASDAQ'     
'FLXS','NASDAQ'     
'FLEX','NASDAQ'     
'FLIR','NASDAQ'     
'FLOW','NASDAQ'     
'FLDM','NASDAQ'     
'FFIC','NASDAQ'     
'FNBN','NASDAQ'     
'FMCN','NASDAQ'     
'FONR','NASDAQ'     
'VIFL','NASDAQ'     
'FES','NASDAQ'      
'FRPT','NASDAQ'     
'FORM','NASDAQ'     
'FORTY','NASDAQ'    
'FORR','NASDAQ'     
'FTNT','NASDAQ'     
'FWRD','NASDAQ'     
'FORD','NASDAQ'     
'FOSL','NASDAQ'     
'FWLT','NASDAQ'     
'FXCB','NASDAQ'     
'FRAN','NASDAQ'     
'FELE','NASDAQ'     
'FRNK','NASDAQ'     
'FRED','NASDAQ'     
'FREE','NASDAQ'     
'RAIL','NASDAQ'     
'FEIM','NASDAQ'     
'FFN','NASDAQ'      
'FFEX','NASDAQ'     
'FSII','NASDAQ'     
'FSYS','NASDAQ'     
'FTEK','NASDAQ'     
'FCEL','NASDAQ'     
'FULL','NASDAQ'     
'FULT','NASDAQ'     
'FURX','NASDAQ'     
'FSIN','NASDAQ'     
'FFHL','NASDAQ'     
'FXEN','NASDAQ'     
'GKSR','NASDAQ'     
'WILC','NASDAQ'     
'GAIA','NASDAQ'     
'GALE','NASDAQ'     
'GPIC','NASDAQ'     
'GRMN','NASDAQ'     
'GKNT','NASDAQ'     
'GENC','NASDAQ'     
'GNCMA','NASDAQ'    
'GFN','NASDAQ'      
'GFNCL','NASDAQ'    
'GFNCZ','NASDAQ'    
'GENE','NASDAQ'     
'GNMK','NASDAQ'     
'GHDX','NASDAQ'     
'GPRO','NASDAQ'     
'GNTX','NASDAQ'     
'GENT','NASDAQ'     
'GTIV','NASDAQ'     
'GNVC','NASDAQ'     
'GEOY','NASDAQ'     
'GMET','NASDAQ'     
'GMETP','NASDAQ'    
'GEOI','NASDAQ'     
'GABC','NASDAQ'     
'GERN','NASDAQ'     
'GEVO','NASDAQ'     
'ROCK','NASDAQ'     
'GIGM','NASDAQ'     
'GIGA','NASDAQ'     
'GIII','NASDAQ'     
'GILT','NASDAQ'     
'GILD','NASDAQ'     
'GIVN','NASDAQ'     
'GBCI','NASDAQ'     
'GLAD','NASDAQ'     
'GOOD','NASDAQ'     
'GOODO','NASDAQ'    
'GOODP','NASDAQ'    
'GAIN','NASDAQ'     
'GLCH','NASDAQ'     
'GLBZ','NASDAQ'     
'GLGL','NASDAQ'     
'EAGL','NASDAQ'     
'EAGLU','NASDAQ'    
'EAGLW','NASDAQ'    
'GEDU','NASDAQ'     
'GBLI','NASDAQ'     
'GLPW','NASDAQ'     
'GSOL','NASDAQ'     
'SOCL','NASDAQ'     
'GSAT','NASDAQ'     
'GAI','NASDAQ'      
'GSM','NASDAQ'      
'GCOM','NASDAQ'     
'GLBS','NASDAQ'     
'GLUU','NASDAQ'     
'GLNG','NASDAQ'     
'GMLP','NASDAQ'     
'GLDC','NASDAQ'     
'GOLF','NASDAQ'     
'GBDC','NASDAQ'     
'GTIM','NASDAQ'     
'GOOG','NASDAQ'     
'GMAN','NASDAQ'     
'LOPE','NASDAQ'     
'GCFB','NASDAQ'     
'GRVY','NASDAQ'     
'GRMH','NASDAQ'     
'GLDD','NASDAQ'     
'GSBC','NASDAQ'     
'WOLF','NASDAQ'     
'GRNB','NASDAQ'     
'GMCR','NASDAQ'     
'GPRE','NASDAQ'     
'GCBC','NASDAQ'     
'GLRE','NASDAQ'     
'GRIF','NASDAQ'     
'GRFS','NASDAQ'     
'GRPN','NASDAQ'     
'OMAB','NASDAQ'     
'GGAL','NASDAQ'     
'GSIG','NASDAQ'     
'GSIT','NASDAQ'     
'GSVC','NASDAQ'     
'GTAT','NASDAQ'     
'GTSI','NASDAQ'     
'GTXI','NASDAQ'     
'GPRC','NASDAQ'     
'GBNK','NASDAQ'     
'GFED','NASDAQ'     
'GUID','NASDAQ'     
'GIFI','NASDAQ'     
'GURE','NASDAQ'     
'GPOR','NASDAQ'     
'GYRO','NASDAQ'     
'HEES','NASDAQ'     
'HNRG','NASDAQ'     
'HALL','NASDAQ'     
'HALO','NASDAQ'      
'HBNK','NASDAQ'     
'HMPR','NASDAQ'     
'HBHC','NASDAQ'     
'HNH','NASDAQ'      
'HAFC','NASDAQ'     
'HNSN','NASDAQ'     
'HANS','NASDAQ'     
'HSOL','NASDAQ'     
'HDNG','NASDAQ'     
'HGIC','NASDAQ'     
'HARL','NASDAQ'     
'HLIT','NASDAQ'     
'TINY','NASDAQ'     
'HPOL','NASDAQ'     
'HBIO','NASDAQ'     
'HAS','NASDAQ'      
'HAST','NASDAQ'     
'HAUP','NASDAQ'     
'HA','NASDAQ'       
'HCOM','NASDAQ'     
'HWKN','NASDAQ'     
'HWBK','NASDAQ'     
'HAYN','NASDAQ'     
'HCSG','NASDAQ'     
'HSTM','NASDAQ'       
'HWAY','NASDAQ'     
'HTLD','NASDAQ'     
'HTLF','NASDAQ'     
'HTWR','NASDAQ'     
'HLYS','NASDAQ'     
'HSII','NASDAQ'     
'HELE','NASDAQ'     
'HMNY','NASDAQ'     
'HSIC','NASDAQ'     
'HERO','NASDAQ'     
'HTGC','NASDAQ'     
'HTBK','NASDAQ'     
'HFWA','NASDAQ'     
'HBOS','NASDAQ'     
'HEOP','NASDAQ'     
'HCCI','NASDAQ'     
'MLHR','NASDAQ'     
'HSKA','NASDAQ'     
'HFFC','NASDAQ'     
'HIBB','NASDAQ'     
'HTCO','NASDAQ'     
'HIHO','NASDAQ'     
'HIMX','NASDAQ'     
'HIFS','NASDAQ'     
'HSFT','NASDAQ'     
'HITK','NASDAQ'     
'HITT','NASDAQ'     
'HMNF','NASDAQ'     
'HMSY','NASDAQ'     
'HOKU','NASDAQ'     
'HOLI','NASDAQ'     
'HOLL','NASDAQ'     
'HOLX','NASDAQ'     
'HBCP','NASDAQ'     
'HOMB','NASDAQ'     
'HOME','NASDAQ'     
'HFBL','NASDAQ'     
'HMIN','NASDAQ'     
'AWAY','NASDAQ'     
'HCII','NASDAQ'     
'HCIIP','NASDAQ'    
'HCIIW','NASDAQ'    
'HPJ','NASDAQ'      
'HOFT','NASDAQ'     
'HFBC','NASDAQ'     
'HBNC','NASDAQ'     
'HZNP','NASDAQ'     
'HRZN','NASDAQ'     
'ZINC','NASDAQ'     
'HOTT','NASDAQ'     
'HWCC','NASDAQ'     
'HOVNP','NASDAQ'    
'HSNI','NASDAQ'     
'HSWI','NASDAQ'     
'HUBG','NASDAQ'     
'HCBK','NASDAQ'     
'HHGP','NASDAQ'     
'HDSN','NASDAQ'     
'HGSI','NASDAQ'         
'HBAN','NASDAQ'     
'HBANP','NASDAQ'    
'HPCCP','NASDAQ'    
'HURC','NASDAQ'     
'HURN','NASDAQ'     
'HTCH','NASDAQ'     
'HYGS','NASDAQ'     
'IDSY','NASDAQ'     
'IACI','NASDAQ'     
'IBKC','NASDAQ'     
'ICAD','NASDAQ'     
'ICFI','NASDAQ'     
'ICGE','NASDAQ'     
'ICLR','NASDAQ'     
'ICON','NASDAQ'     
'ICUI','NASDAQ'     
'IDIX','NASDAQ'     
'INVE','NASDAQ'     
'IDRA','NASDAQ'       
'IDXX','NASDAQ'     
'IROQ','NASDAQ'     
'IGTE','NASDAQ'     
'IGOI','NASDAQ'     
'IIVI','NASDAQ'     
'IKAN','NASDAQ'     
'IKNX','NASDAQ'     
'ILMN','NASDAQ'     
'ISNS','NASDAQ'     
'IMMR','NASDAQ'     
'ICCC','NASDAQ'     
'IMGN','NASDAQ'     
'IMMU','NASDAQ'     
'IPXL','NASDAQ'     
'IPSU','NASDAQ'     
'IMRS','NASDAQ'     
'SAAS','NASDAQ'     
'INCY','NASDAQ'     
'INDB','NASDAQ'     
'IBCP','NASDAQ'     
'IBCPO','NASDAQ'    
'INCB','NASDAQ'     
'IDSA','NASDAQ'     
'INFN','NASDAQ'     
'INFI','NASDAQ'     
'IPCC','NASDAQ'     
'INFA','NASDAQ'     
'III','NASDAQ'      
'IFON','NASDAQ'     
'INSP','NASDAQ'     
'INFY','NASDAQ'     
'IMKTA','NASDAQ'    
'INHX','NASDAQ'     
'INWK','NASDAQ'     
'INOD','NASDAQ'     
'IPHS','NASDAQ'     
'IOSP','NASDAQ'     
'INOC','NASDAQ'     
'ISSC','NASDAQ'     
'NSIT','NASDAQ'     
'ISIG','NASDAQ'     
'INSM','NASDAQ'     
'IIIN','NASDAQ'     
'PODD','NASDAQ'     
'INSW','NASDAQ'     
'IART','NASDAQ'     
'INMD','NASDAQ'     
'IDTI','NASDAQ'     
'IESC','NASDAQ'     
'ISSI','NASDAQ'     
'INTC','NASDAQ'     
'IPCI','NASDAQ'     
'IPAR','NASDAQ'     
'IBKR','NASDAQ'     
'ININ','NASDAQ'     
'ICLK','NASDAQ'     
'IDCC','NASDAQ'     
'IFSIA','NASDAQ'    
'IMI','NASDAQ'      
'ITMN','NASDAQ'     
'INAP','NASDAQ'     
'IBOC','NASDAQ'     
'ISCA','NASDAQ'     
'IGLD','NASDAQ'     
'IIJI','NASDAQ'                  
'INPH','NASDAQ'     
'INTX','NASDAQ'     
'ISIL','NASDAQ'     
'IILG','NASDAQ'     
'IBCA','NASDAQ'     
'INTT','NASDAQ'     
'IVAC','NASDAQ'     
'INTL','NASDAQ'     
'IIN','NASDAQ'      
'INTU','NASDAQ'     
'ISRG','NASDAQ'     
'SNAK','NASDAQ'     
'ISBC','NASDAQ'     
'IRET','NASDAQ'     
'IRETP','NASDAQ'    
'ITIC','NASDAQ'     
'INXI','NASDAQ'     
'IPAS','NASDAQ'     
'IPCM','NASDAQ'     
'IPGP','NASDAQ'     
'IRIX','NASDAQ'     
'IRDM','NASDAQ'     
'IRDMU','NASDAQ'    
'IRDMW','NASDAQ'    
'IRDMZ','NASDAQ'    
'IRIS','NASDAQ'     
'IRBT','NASDAQ'     
'IRWD','NASDAQ'     
'FCHI','NASDAQ'     
'IFSM','NASDAQ'     
'IFAS','NASDAQ'     
'IFEU','NASDAQ'     
'IFGL','NASDAQ'     
'IFNA','NASDAQ'     
'SOXX','NASDAQ'     
'AXFN','NASDAQ'     
'ACWX','NASDAQ'     
'ACWI','NASDAQ'     
'AAXJ','NASDAQ'     
'EMFN','NASDAQ'     
'EMMT','NASDAQ'     
'EUFN','NASDAQ'     
'FEFN','NASDAQ'     
'IBB','NASDAQ'      
'EMIF','NASDAQ'     
'ICLN','NASDAQ'     
'NUCL','NASDAQ'     
'WOOD','NASDAQ'     
'INDY','NASDAQ'     
'ISHG','NASDAQ'     
'IGOV','NASDAQ'     
'ISIS','NASDAQ'     
'ISLE','NASDAQ'     
'ISRL','NASDAQ'     
'ISTA','NASDAQ'     
'ITRI','NASDAQ'     
'ITRN','NASDAQ'     
'IVAN','NASDAQ'     
'XXIA','NASDAQ'     
'IXYS','NASDAQ'     
'JJSF','NASDAQ'     
'JAX','NASDAQ'      
'MAYS','NASDAQ'     
'JBHT','NASDAQ'     
'JCOM','NASDAQ'     
'JASO','NASDAQ'     
'JCDA','NASDAQ'     
'JKHY','NASDAQ'     
'JACK','NASDAQ'     
'JXSB','NASDAQ'     
'JAXB','NASDAQ'     
'JAKK','NASDAQ'     
'JMBA','NASDAQ'     
'JRCC','NASDAQ'     
'JAZZ','NASDAQ'     
'JDAS','NASDAQ'     
'JDSU','NASDAQ'     
'JFBI','NASDAQ'     
'JFBC','NASDAQ'     
'JBLU','NASDAQ'     
'JCTCF','NASDAQ'    
'DATE','NASDAQ'     
'JNGW','NASDAQ'     
'JST','NASDAQ'      
'JOEZ','NASDAQ'     
'JBSS','NASDAQ'     
'JOUT','NASDAQ'     
'JSDA','NASDAQ'     
'JOSB','NASDAQ'     
'KALU','NASDAQ'     
'KFFG','NASDAQ'     
'KAMN','NASDAQ'     
'KNDI','NASDAQ'     
'KCLI','NASDAQ'     
'KRNY','NASDAQ'     
'KELYA','NASDAQ'    
'KELYB','NASDAQ'    
'KNSY','NASDAQ'     
'KENT','NASDAQ'     
'KFFB','NASDAQ'     
'KERX','NASDAQ'     
'KEQU','NASDAQ'     
'KTEC','NASDAQ'     
'KTCC','NASDAQ'     
'KEYN','NASDAQ'     
'KFRC','NASDAQ'     
'KBALB','NASDAQ'    
'KGJI','NASDAQ'     
'KINS','NASDAQ'     
'KONE','NASDAQ'     
'KIOR','NASDAQ'     
'KIPS','NASDAQ'     
'KIRK','NASDAQ'     
'KITD','NASDAQ'     
'KLAC','NASDAQ'     
'KMGB','NASDAQ'     
'VLCCF','NASDAQ'    
'KNOL','NASDAQ'     
'KCAP','NASDAQ'     
'KONA','NASDAQ'     
'KONG','NASDAQ'     
'KOPN','NASDAQ'     
'KOSS','NASDAQ'     
'KTOS','NASDAQ'     
'KSW','NASDAQ'      
'KSWS','NASDAQ'     
'KUTV','NASDAQ'     
'KLIC','NASDAQ'     
'KVHI','NASDAQ'     
'LLEN','NASDAQ'     
'FSTR','NASDAQ'     
'BOOT','NASDAQ'     
'LSBK','NASDAQ'     
'LBAI','NASDAQ'     
'LKFN','NASDAQ'     
'LAKE','NASDAQ'     
'LACO','NASDAQ'     
'LRCX','NASDAQ'     
'LAMR','NASDAQ'     
'LANC','NASDAQ'     
'LNCE','NASDAQ'     
'LNDC','NASDAQ'     
'LARK','NASDAQ'     
'LSTR','NASDAQ'     
'LTRX','NASDAQ'     
'LPSB','NASDAQ'     
'LSCC','NASDAQ'     
'LAWS','NASDAQ'     
'LAYN','NASDAQ'     
'LCAV','NASDAQ'     
'LCNB','NASDAQ'     
'GAGA','NASDAQ'     
'LBIX','NASDAQ'     
'LEAP','NASDAQ'     
'LTRE','NASDAQ'     
'LCRY','NASDAQ'     
'LGCY','NASDAQ'     
'LMAT','NASDAQ'     
'LXRX','NASDAQ'     
'LHCG','NASDAQ'     
'LBTYA','NASDAQ'    
'LBTYB','NASDAQ'    
'LBTYK','NASDAQ'    
'LINTA','NASDAQ'    
'LINTB','NASDAQ'    
'LMCA','NASDAQ'     
'LMCB','NASDAQ'     
'LPHI','NASDAQ'     
'LIFE','NASDAQ'     
'LPNT','NASDAQ'     
'LCUT','NASDAQ'     
'LWAY','NASDAQ'     
'LGND','NASDAQ'     
'LTBR','NASDAQ'     
'LPTH','NASDAQ'     
'LIWA','NASDAQ'     
'LIME','NASDAQ'     
'LLNW','NASDAQ'     
'LMNR','NASDAQ'     
'LNCR','NASDAQ'     
'LINC','NASDAQ'     
'LECO','NASDAQ'     
'LLTC','NASDAQ'     
'LTON','NASDAQ'     
'LINE','NASDAQ'     
'LIOX','NASDAQ'     
'LQDT','NASDAQ'     
'LFUS','NASDAQ'     
'LIVE','NASDAQ'     
'LPSN','NASDAQ'     
'LZEN','NASDAQ'     
'JADE','NASDAQ'     
'LKQX','NASDAQ'     
'ERIC','NASDAQ'     
'LMIA','NASDAQ'     
'LMLP','NASDAQ'     
'LNBB','NASDAQ'     
'LOCM','NASDAQ'     
'LNET','NASDAQ'     
'LOGI','NASDAQ'     
'LOGM','NASDAQ'     
'LOJN','NASDAQ'     
'LOOK','NASDAQ'     
'LOOP','NASDAQ'     
'LORL','NASDAQ'                  
'LABC','NASDAQ'     
'LPLA','NASDAQ'     
'LRAD','NASDAQ'     
'LSBI','NASDAQ'     
'LYTS','NASDAQ'     
'LTXC','NASDAQ'     
'LUFK','NASDAQ'     
'LULU','NASDAQ'     
'LMNX','NASDAQ'     
'LMOS','NASDAQ'     
'LUNA','NASDAQ'     
'MBTF','NASDAQ'     
'MCBC','NASDAQ'     
'MFNC','NASDAQ'     
'MAGS','NASDAQ'     
'MGLN','NASDAQ'     
'MPET','NASDAQ'     
'MGIC','NASDAQ'     
'CALL','NASDAQ'     
'LAVA','NASDAQ'     
'MGYR','NASDAQ'     
'MHLD','NASDAQ'     
'MSFG','NASDAQ'     
'COOL','NASDAQ'     
'MMUS','NASDAQ'     
'MMYT','NASDAQ'     
'MKTAY','NASDAQ'    
'MAKO','NASDAQ'     
'MLVF','NASDAQ'     
'MANH','NASDAQ'     
'LOAN','NASDAQ'     
'MNTX','NASDAQ'     
'MTEX','NASDAQ'     
'MNKD','NASDAQ'     
'MANT','NASDAQ'     
'MAPP','NASDAQ'     
'MCHX','NASDAQ'     
'MRNA','NASDAQ'     
'MARPS','NASDAQ'    
'LEDR','NASDAQ'     
'MKTX','NASDAQ'     
'MRLN','NASDAQ'     
'MSHL','NASDAQ'     
'MRTN','NASDAQ'     
'MMLP','NASDAQ'     
'MRVL','NASDAQ'     
'MASI','NASDAQ'     
'MASC','NASDAQ'     
'MTRX','NASDAQ'     
'MAT','NASDAQ'      
'MATR','NASDAQ'     
'MATW','NASDAQ'     
'MFRM','NASDAQ'     
'MTSN','NASDAQ'     
'MXIM','NASDAQ'     
'MXWL','NASDAQ'     
'MAXY','NASDAQ'     
'MFLR','NASDAQ'     
'MBFI','NASDAQ'     
'MSSR','NASDAQ'     
'MCGC','NASDAQ'     
'MGRC','NASDAQ'     
'MDCA','NASDAQ'     
'MEAD','NASDAQ'     
'MEAS','NASDAQ'     
'MCOX','NASDAQ'     
'TAXI','NASDAQ'     
'MDAS','NASDAQ'     
'MDTH','NASDAQ'     
'MDCI','NASDAQ'     
'MNOV','NASDAQ'     
'MDSO','NASDAQ'     
'MDVN','NASDAQ'     
'MEDW','NASDAQ'     
'MEDH','NASDAQ'     
'MTOX','NASDAQ'     
'MELA','NASDAQ'     
'MPEL','NASDAQ'     
'MLNX','NASDAQ'     
'MEMS','NASDAQ'     
'MENT','NASDAQ'     
'MTSL','NASDAQ'     
'MELI','NASDAQ'     
'MBWM','NASDAQ'     
'MERC','NASDAQ'     
'MBVT','NASDAQ'     
'MRCY','NASDAQ'     
'MRGE','NASDAQ'     
'VIVO','NASDAQ'     
'EBSB','NASDAQ'     
'MMSI','NASDAQ'     
'PGEB','NASDAQ'     
'MERU','NASDAQ'     
'MLAB','NASDAQ'     
'CASH','NASDAQ'     
'MBLX','NASDAQ'     
'MEOH','NASDAQ'     
'METR','NASDAQ'     
'MCBI','NASDAQ'     
'MFRI','NASDAQ'     
'MGEE','NASDAQ'     
'MGPI','NASDAQ'     
'MDH','NASDAQ'      
'MCRL','NASDAQ'     
'MCHP','NASDAQ'     
'MFI','NASDAQ'      
'MITI','NASDAQ'     
'MU','NASDAQ'       
'NOIZ','NASDAQ'     
'MCRS','NASDAQ'     
'MSCC','NASDAQ'     
'MSFT','NASDAQ'     
'MSTR','NASDAQ'     
'MVIS','NASDAQ'     
'MVISW','NASDAQ'    
'MPB','NASDAQ'      
'MBRG','NASDAQ'     
'MSEX','NASDAQ'     
'MOFG','NASDAQ'     
'SMCG','NASDAQ'     
'MNDO','NASDAQ'     
'MSPD','NASDAQ'     
'MIPS','NASDAQ'     
'MSON','NASDAQ'     
'MNEL','NASDAQ'     
'MSW','NASDAQ'      
'MIND','NASDAQ'     
'MITK','NASDAQ'     
'MITL','NASDAQ'     
'MKSI','NASDAQ'     
'MINI','NASDAQ'     
'MOCO','NASDAQ'     
'MPAC','NASDAQ'     
'MLNK','NASDAQ'     
'MOLX','NASDAQ'     
'MOLXA','NASDAQ'    
'MNTA','NASDAQ'           
'MCRI','NASDAQ'     
'MCBF','NASDAQ'     
'MNRK','NASDAQ'     
'MNRKP','NASDAQ'    
'MPWR','NASDAQ'     
'TYPE','NASDAQ'     
'MNRO','NASDAQ'     
'MHGC','NASDAQ'     
'MORN','NASDAQ'     
'MOSY','NASDAQ'     
'MPAA','NASDAQ'     
'MOTR','NASDAQ'     
'MOVED','NASDAQ'    
'MSBF','NASDAQ'     
'MNTG','NASDAQ'     
'MTSC','NASDAQ'     
'MBND','NASDAQ'     
'LABL','NASDAQ'     
'MFLX','NASDAQ'     
'MGAM','NASDAQ'     
'MFSF','NASDAQ'     
'MWIV','NASDAQ'     
'MYL','NASDAQ'      
'MYRG','NASDAQ'     
'MYRX','NASDAQ'     
'MYGN','NASDAQ'     
'NABI','NASDAQ'     
'NANO','NASDAQ'     
'NANX','NASDAQ'     
'NSPH','NASDAQ'     
'NSSC','NASDAQ'     
'NASB','NASDAQ'     
'QQQX','NASDAQ'     
'NAFC','NASDAQ'     
'NATH','NASDAQ'     
'NAUH','NASDAQ'     
'NKSH','NASDAQ'     
'FIZZ','NASDAQ'     
'NCMI','NASDAQ'     
'NATI','NASDAQ'     
'NATL','NASDAQ'     
'NPBC','NASDAQ'     
'NPBCO','NASDAQ'    
'NRCI','NASDAQ'     
'NSEC','NASDAQ'     
'NTSC','NASDAQ'     
'NWLI','NASDAQ'     
'NAII','NASDAQ'     
'NATR','NASDAQ'     
'BABY','NASDAQ'     
'NVSL','NASDAQ'     
'NMAR','NASDAQ'     
'NMARW','NASDAQ'    
'NAVR','NASDAQ'     
'NBTF','NASDAQ'     
'NBTB','NASDAQ'     
'NCIT','NASDAQ'     
'NKTR','NASDAQ'     
'NEOG','NASDAQ'     
'NEPT','NASDAQ'     
'UEPS','NASDAQ'     
'NETC','NASDAQ'     
'NTAP','NASDAQ'     
'NTES','NASDAQ'     
'NFLX','NASDAQ'     
'NTGR','NASDAQ'     
'NLST','NASDAQ'     
'NETL','NASDAQ'     
'NTCT','NASDAQ'     
'NTWK','NASDAQ'     
'NTSP','NASDAQ'     
'NEI','NASDAQ'      
'NWK','NASDAQ'      
'NBIX','NASDAQ'      
'NGSX','NASDAQ'     
'NURO','NASDAQ'     
'TNDM','NASDAQ'     
'NCBC','NASDAQ'     
'NEBS','NASDAQ'     
'NOOF','NASDAQ'     
'NHTB','NASDAQ'     
'HAVNP','NASDAQ'    
'NYMT','NASDAQ'     
'NBBC','NASDAQ'     
'NEWL','NASDAQ'     
'NLNK','NASDAQ'     
'NFSB','NASDAQ'     
'NEWP','NASDAQ'     
'NWS','NASDAQ'      
'NWSA','NASDAQ'     
'NEWS','NASDAQ'     
'NEWT','NASDAQ'     
'NXST','NASDAQ'     
'NEXS','NASDAQ'     
'NFEC','NASDAQ'     
'NGPC','NASDAQ'     
'EGOV','NASDAQ'     
'NICE','NASDAQ'     
'NICK','NASDAQ'     
'NIHD','NASDAQ'     
'NINE','NASDAQ'     
'NNBR','NASDAQ'     
'NOBH','NASDAQ'     
'NDSN','NASDAQ'     
'NSYS','NASDAQ'     
'NTK','NASDAQ'      
'FFFD','NASDAQ'     
'NOVB','NASDAQ'     
'NBN','NASDAQ'      
'NECB','NASDAQ'     
'NSFC','NASDAQ'     
'NTIC','NASDAQ'     
'NTRS','NASDAQ'     
'NFBK','NASDAQ'     
'NRIM','NASDAQ'     
'NWBI','NASDAQ'     
'NWPX','NASDAQ'     
'NWFL','NASDAQ'     
'NVMI','NASDAQ'     
'NVTL','NASDAQ'     
'NVAX','NASDAQ'     
'NVLS','NASDAQ'     
'NVGN','NASDAQ'     
'NPSP','NASDAQ'      
'NTLS','NASDAQ'     
'NUAN','NASDAQ'     
'NMRX','NASDAQ'     
'PATH','NASDAQ'     
'NUTR','NASDAQ'     
'NTRI','NASDAQ'     
'NUVA','NASDAQ'     
'NVEC','NASDAQ'     
'NVDA','NASDAQ'     
'NXPI','NASDAQ'     
'NXTM','NASDAQ'     
'NYMX','NASDAQ'     
'OIIM','NASDAQ'     
'BKOR','NASDAQ'     
'OVLY','NASDAQ'     
'OBAF','NASDAQ'     
'OMPI','NASDAQ'     
'OBCI','NASDAQ'     
'OPTT','NASDAQ'     
'ORIG','NASDAQ'     
'OSHC','NASDAQ'     
'OCFC','NASDAQ'     
'CHUX','NASDAQ'     
'OCLR','NASDAQ'     
'OFED','NASDAQ'     
'OCLS','NASDAQ'     
'OCZ','NASDAQ'      
'OMEX','NASDAQ'     
'OLCB','NASDAQ'     
'OVBC','NASDAQ'     
'ODFL','NASDAQ'     
'OLBK','NASDAQ'     
'OPOF','NASDAQ'     
'OSBC','NASDAQ'     
'OSBCP','NASDAQ'    
'ZEUS','NASDAQ'     
'OFLX','NASDAQ'     
'OMER','NASDAQ'     
'OABC','NASDAQ'     
'OMCL','NASDAQ'     
'OVTI','NASDAQ'     
'ASGN','NASDAQ'     
'ONNN','NASDAQ'     
'OTIV','NASDAQ'     
'OGXI','NASDAQ'     
'ONCY','NASDAQ'     
'ONTY','NASDAQ'     
'ONFC','NASDAQ'     
'ORCC','NASDAQ'     
'ONSM','NASDAQ'     
'ONVI','NASDAQ'     
'ONXX','NASDAQ'      
'OTEX','NASDAQ'     
'OPEN','NASDAQ'     
'OPWV','NASDAQ'     
'OPXA','NASDAQ'     
'OPXAW','NASDAQ'    
'OPLK','NASDAQ'     
'OPNT','NASDAQ'     
'OPXT','NASDAQ'     
'OBAS','NASDAQ'     
'OCC','NASDAQ'      
'OPTR','NASDAQ'     
'OPHC','NASDAQ'     
'ORCL','NASDAQ'     
'OSUR','NASDAQ'     
'ORBC','NASDAQ'     
'ORBT','NASDAQ'     
'ORBK','NASDAQ'     
'ORCH','NASDAQ'     
'ORCT','NASDAQ'     
'ORLY','NASDAQ'     
'OREX','NASDAQ'     
'SEED','NASDAQ'     
'ORIT','NASDAQ'     
'ORRF','NASDAQ'     
'OFIX','NASDAQ'     
'OSIS','NASDAQ'     
'OSIR','NASDAQ'      
'OSN','NASDAQ'      
'OTT','NASDAQ'      
'OTTR','NASDAQ'     
'OUTD','NASDAQ'     
'OVRL','NASDAQ'     
'OSTK','NASDAQ'     
'OXLC','NASDAQ'     
'OXGN','NASDAQ'     
'OXBT','NASDAQ'     
'OYOG','NASDAQ'     
'PFIN','NASDAQ'     
'PTSI','NASDAQ'     
'PFCB','NASDAQ'     
'PCAR','NASDAQ'     
'PACR','NASDAQ'     
'PACB','NASDAQ'         
'PCBC','NASDAQ'     
'PCBK','NASDAQ'     
'PEIX','NASDAQ'     
'PMBC','NASDAQ'     
'PPBI','NASDAQ'     
'PSUN','NASDAQ'     
'PCRX','NASDAQ'     
'PACW','NASDAQ'     
'PTIE','NASDAQ'     
'PLMT','NASDAQ'     
'PMTI','NASDAQ'           
'PAAS','NASDAQ'     
'PNRA','NASDAQ'     
'PSOF','NASDAQ'     
'PZZA','NASDAQ'     
'PMTC','NASDAQ'     
'PRXL','NASDAQ'     
'PFED','NASDAQ'     
'PSTB','NASDAQ'     
'PKBK','NASDAQ'     
'PRKR','NASDAQ'     
'PKOH','NASDAQ'     
'PVSA','NASDAQ'     
'PARL','NASDAQ'     
'PTNR','NASDAQ'     
'PBHC','NASDAQ'     
'PATK','NASDAQ'     
'PNBK','NASDAQ'     
'PATR','NASDAQ'     
'PDCO','NASDAQ'     
'PTEN','NASDAQ'     
'PLCC','NASDAQ'     
'PAYX','NASDAQ'     
'PCCC','NASDAQ'     
'MALL','NASDAQ'     
'PCTI','NASDAQ'     
'PDFS','NASDAQ'     
'PDII','NASDAQ'     
'PDLI','NASDAQ'     
'PGC','NASDAQ'      
'PRLS','NASDAQ'     
'PEET','NASDAQ'     
'PEGA','NASDAQ'     
'PCO','NASDAQ'      
'PENX','NASDAQ'     
'PENN','NASDAQ'     
'PFLT','NASDAQ'     
'PNNT','NASDAQ'     
'PNNW','NASDAQ'     
'PWOD','NASDAQ'     
'PNSN','NASDAQ'     
'PEBO','NASDAQ'     
'PEBK','NASDAQ'     
'PEDH','NASDAQ'     
'PEOP','NASDAQ'     
'PFBX','NASDAQ'     
'PBCT','NASDAQ'     
'PRCP','NASDAQ'     
'PPHM','NASDAQ'     
'PWRD','NASDAQ'     
'PRFT','NASDAQ'     
'PTIX','NASDAQ'     
'PERF','NASDAQ'     
'PSEM','NASDAQ'     
'PERI','NASDAQ'     
'PESI','NASDAQ'     
'PRGO','NASDAQ'     
'PERY','NASDAQ'     
'PVSW','NASDAQ'     
'PETS','NASDAQ'     
'PETD','NASDAQ'     
'PETM','NASDAQ'     
'PFSW','NASDAQ'     
'PGTI','NASDAQ'     
'PCYC','NASDAQ'     
'VRUS','NASDAQ'     
'ANTP','NASDAQ'     
'PHII','NASDAQ'     
'PHIIK','NASDAQ'    
'PHMD','NASDAQ'     
'PLAB','NASDAQ'     
'FACE','NASDAQ'     
'PICO','NASDAQ'     
'PNCL','NASDAQ'     
'PNFP','NASDAQ'     
'PXLW','NASDAQ'     
'PZZI','NASDAQ'     
'PLNR','NASDAQ'     
'PLXS','NASDAQ'     
'PLUG','NASDAQ'     
'PLBC','NASDAQ'     
'PSTI','NASDAQ'        
'PLXT','NASDAQ'     
'PMCS','NASDAQ'     
'PMFG','NASDAQ'     
'PBSK','NASDAQ'     
'PTSX','NASDAQ'     
'PNTR','NASDAQ'     
'PCOM','NASDAQ'     
'PTEK','NASDAQ'     
'PLCM','NASDAQ'     
'PARDD','NASDAQ'    
'POOL','NASDAQ'     
'POPE','NASDAQ'     
'BPOP','NASDAQ'     
'BPOPM','NASDAQ'    
'BPOPN','NASDAQ'    
'PBIB','NASDAQ'     
'PRAA','NASDAQ'     
'PSTR','NASDAQ'     
'PCH','NASDAQ'      
'POWL','NASDAQ'     
'POWI','NASDAQ'     
'PWER','NASDAQ'     
'POWR','NASDAQ'     
'PSCD','NASDAQ'     
'PSCC','NASDAQ'     
'PSCE','NASDAQ'     
'PSCF','NASDAQ'     
'PSCH','NASDAQ'     
'PSCI','NASDAQ'     
'PSCT','NASDAQ'     
'PSCM','NASDAQ'     
'PSCU','NASDAQ'     
'PRFZ','NASDAQ'     
'PAGG','NASDAQ'     
'PKOL','NASDAQ'     
'PSAU','NASDAQ'     
'PSTL','NASDAQ'     
'PWND','NASDAQ'     
'PMNA','NASDAQ'     
'PNQI','NASDAQ'     
'QQQ','NASDAQ'      
'PWAV','NASDAQ'     
'POZN','NASDAQ'     
'PRAN','NASDAQ'     
'PFBC','NASDAQ'     
'PLPC','NASDAQ'     
'PRXI','NASDAQ'     
'PFBI','NASDAQ'     
'PRWT','NASDAQ'     
'PLFE','NASDAQ'     
'PRST','NASDAQ'     
'PBIO','NASDAQ'     
'PRGX','NASDAQ'     
'PCLN','NASDAQ'     
'PSMT','NASDAQ'     
'PACQ','NASDAQ'     
'PACQU','NASDAQ'    
'PACQW','NASDAQ'    
'PNRG','NASDAQ'     
'PRMW','NASDAQ'     
'PRIM','NASDAQ'     
'PNBC','NASDAQ'     
'PVTB','NASDAQ'     
'PVTBP','NASDAQ'    
'PDEX','NASDAQ'     
'PGNX','NASDAQ'     
'PRGS','NASDAQ'     
'PRPH','NASDAQ'     
'BIB','NASDAQ'      
'BIS','NASDAQ'      
'TQQQ','NASDAQ'     
'SQQQ','NASDAQ'     
'PSEC','NASDAQ'     
'PRSP','NASDAQ'     
'PWX','NASDAQ'      
'PROV','NASDAQ'     
'PBNY','NASDAQ'     
'PBIP','NASDAQ'     
'PSBH','NASDAQ'     
'PSDV','NASDAQ'     
'PSSI','NASDAQ'     
'PMD','NASDAQ'      
'PULB','NASDAQ'     
'PURE','NASDAQ'     
'PCYO','NASDAQ'     
'PVFC','NASDAQ'     
'QADA','NASDAQ'     
'QADB','NASDAQ'     
'QCCO','NASDAQ'     
'QCRH','NASDAQ'     
'QGEN','NASDAQ'     
'XING','NASDAQ'     
'QKLS','NASDAQ'     
'QLIK','NASDAQ'     
'QLGC','NASDAQ'     
'QLTI','NASDAQ'     
'QCOM','NASDAQ'     
'QLTY','NASDAQ'     
'QSII','NASDAQ'     
'QBAK','NASDAQ'     
'QTWW','NASDAQ'     
'QSFT','NASDAQ'     
'QCOR','NASDAQ'     
'QUIK','NASDAQ'     
'QDEL','NASDAQ'     
'QNST','NASDAQ'     
'DFZ','NASDAQ'      
'RRD','NASDAQ'      
'RADA','NASDAQ'     
'RDCM','NASDAQ'     
'ROIA','NASDAQ'     
'ROIAK','NASDAQ'    
'RSYS','NASDAQ'     
'RDNT','NASDAQ'     
'RVSN','NASDAQ'     
'RDWR','NASDAQ'     
'RMKR','NASDAQ'     
'RAM','NASDAQ'      
'RMBS','NASDAQ'     
'RMTR','NASDAQ'     
'RAND','NASDAQ'     
'RLOG','NASDAQ'     
'GOLD','NASDAQ'     
'RPTP','NASDAQ'     
'RAVN','NASDAQ'     
'ROLL','NASDAQ'     
'RCMT','NASDAQ'     
'RDA','NASDAQ'      
'RLOC','NASDAQ'     
'RDI','NASDAQ'      
'RDIB','NASDAQ'     
'RSOL','NASDAQ'     
'RNWK','NASDAQ'     
'RP','NASDAQ'       
'RCON','NASDAQ'     
'RECV','NASDAQ'     
'RRGB','NASDAQ'     
'REDF','NASDAQ'     
'REED','NASDAQ'     
'REGN','NASDAQ'     
'REIS','NASDAQ'     
'RELV','NASDAQ'     
'RNST','NASDAQ'     
'RCII','NASDAQ'     
'RENT','NASDAQ'     
'RGEN','NASDAQ'     
'RPRX','NASDAQ'     
'RPRXW','NASDAQ'    
'RPRXZ','NASDAQ'    
'RJET','NASDAQ'     
'RBCAA','NASDAQ'    
'FRBK','NASDAQ'     
'REFR','NASDAQ'     
'RIMM','NASDAQ'     
'REXI','NASDAQ'     
'RECN','NASDAQ'     
'RGDX','NASDAQ'     
'MKTG','NASDAQ'     
'ROIC','NASDAQ'     
'ROICU','NASDAQ'    
'ROICW','NASDAQ'    
'RTLX','NASDAQ'     
'REXX','NASDAQ'     
'RFIL','NASDAQ'     
'RFMD','NASDAQ'     
'RFMI','NASDAQ'     
'RGCO','NASDAQ'     
'RELL','NASDAQ'     
'RICK','NASDAQ'     
'RIGL','NASDAQ'     
'RNOW','NASDAQ'     
'RNET','NASDAQ'     
'RIMG','NASDAQ'     
'RITT','NASDAQ'     
'RIVR','NASDAQ'     
'RVBD','NASDAQ'     
'RVSB','NASDAQ'     
'ROCM','NASDAQ'     
'RCKB','NASDAQ'     
'RMTI','NASDAQ'               
'RCKY','NASDAQ'     
'RMCF','NASDAQ'     
'RODM','NASDAQ'     
'RSTI','NASDAQ'     
'ROMA','NASDAQ'     
'ROSG','NASDAQ'     
'ROSE','NASDAQ'     
'ROST','NASDAQ'     
'ROVI','NASDAQ'     
'RBPAA','NASDAQ'    
'RGLD','NASDAQ'     
'ROYL','NASDAQ'     
'FUND','NASDAQ'     
'RPXC','NASDAQ'     
'RRST','NASDAQ'     
'RTIX','NASDAQ'     
'RBCN','NASDAQ'     
'RTEC','NASDAQ'     
'RUE','NASDAQ'      
'RBNF','NASDAQ'     
'RUSHA','NASDAQ'    
'RUSHB','NASDAQ'    
'SGGG','NASDAQ'     
'SCOG','NASDAQ'     
'SCTR','NASDAQ'     
'SCLP','NASDAQ'     
'RUTH','NASDAQ'     
'RYAAY','NASDAQ'    
'STBA','NASDAQ'     
'SANW','NASDAQ'     
'SANWW','NASDAQ'    
'SANWZ','NASDAQ'    
'SYBT','NASDAQ'     
'SYBTP','NASDAQ'    
'SONE','NASDAQ'     
'SABA','NASDAQ'     
'SBRA','NASDAQ'     
'SAFT','NASDAQ'     
'SGNT','NASDAQ'     
'SAIA','NASDAQ'     
'SALM','NASDAQ'     
'SLXP','NASDAQ'     
'SAFM','NASDAQ'     
'SNDK','NASDAQ'     
'SASR','NASDAQ'     
'SGMO','NASDAQ'      
'SANM','NASDAQ'     
'GCVRZ','NASDAQ'    
'SNTS','NASDAQ'     
'SPNS','NASDAQ'     
'SAPE','NASDAQ'     
'SATC','NASDAQ'     
'SVNT','NASDAQ'     
'SBAC','NASDAQ'     
'SCSC','NASDAQ'     
'SCBT','NASDAQ'     
'SMIT','NASDAQ'     
'SCHN','NASDAQ'     
'SCHL','NASDAQ'     
'SCHS','NASDAQ'     
'SCLN','NASDAQ'     
'SGMS','NASDAQ'     
'SCIL','NASDAQ'     
'SQI','NASDAQ'      
'SEAC','NASDAQ'          
'SBCF','NASDAQ'     
'STX','NASDAQ'      
'SHIP','NASDAQ'     
'SHLD','NASDAQ'     
'SGEN','NASDAQ'     
'SNFCA','NASDAQ'    
'SEIC','NASDAQ'     
'SCSS','NASDAQ'     
'SLTC','NASDAQ'     
'SIGI','NASDAQ'     
'LEDS','NASDAQ'     
'SMTC','NASDAQ'     
'SENEA','NASDAQ'    
'SENEB','NASDAQ'    
'SNMX','NASDAQ'     
'SQNM','NASDAQ'     
'SRLS','NASDAQ'     
'SREV','NASDAQ'     
'SEV','NASDAQ'      
'SAPX','NASDAQ'     
'SVBI','NASDAQ'     
'SGOC','NASDAQ'     
'GAME','NASDAQ'     
'SNDA','NASDAQ'     
'SMED','NASDAQ'     
'SHEN','NASDAQ'     
'VALV','NASDAQ'     
'SHLO','NASDAQ'     
'BEST','NASDAQ'     
'SHPGY','NASDAQ'    
'SCVL','NASDAQ'     
'SHBI','NASDAQ'     
'SHOR','NASDAQ'     
'SHFL','NASDAQ'     
'SFLY','NASDAQ'     
'SIFI','NASDAQ'     
'SIEB','NASDAQ'     
'BSRR','NASDAQ'     
'SWIR','NASDAQ'     
'SIFY','NASDAQ'     
'SIGA','NASDAQ'     
'SIGM','NASDAQ'     
'SIAL','NASDAQ'     
'SGMA','NASDAQ'     
'SBNY','NASDAQ'     
'SBNYW','NASDAQ'    
'SLGN','NASDAQ'     
'SILC','NASDAQ'     
'SGI','NASDAQ'      
'SIMG','NASDAQ'     
'SLAB','NASDAQ'     
'SIMO','NASDAQ'     
'SPIL','NASDAQ'     
'SSRI','NASDAQ'     
'SFNC','NASDAQ'     
'SLP','NASDAQ'      
'SINA','NASDAQ'     
'SBGI','NASDAQ'     
'SCEI','NASDAQ'     
'SCOK','NASDAQ'     
'SINO','NASDAQ'     
'SVA','NASDAQ'      
'SIRI','NASDAQ'     
'SIRO','NASDAQ'     
'SKUL','NASDAQ'     
'MOBI','NASDAQ'     
'SPU','NASDAQ'      
'SKBI','NASDAQ'     
'SKYW','NASDAQ'     
'SWKS','NASDAQ'     
'SMBL','NASDAQ'     
'SMT','NASDAQ'      
'HEAT','NASDAQ'     
'SPRO','NASDAQ'     
'FUEL','NASDAQ'     
'SWHC','NASDAQ'     
'SMSI','NASDAQ'     
'SMTX','NASDAQ'     
'SCKT','NASDAQ'     
'SODA','NASDAQ'     
'SOHU','NASDAQ'     
'SLRC','NASDAQ'     
'SUNS','NASDAQ'     
'SZYM','NASDAQ'     
'SLTM','NASDAQ'     
'SOMX','NASDAQ'     
'SOMH','NASDAQ'     
'SNSTA','NASDAQ'    
'SONC','NASDAQ'     
'SOFO','NASDAQ'     
'SONO','NASDAQ'     
'SONS','NASDAQ'     
'SORL','NASDAQ'     
'SDBT','NASDAQ'     
'FIRE','NASDAQ'     
'SOCB','NASDAQ'     
'SCMF','NASDAQ'     
'SCMFO','NASDAQ'    
'SFST','NASDAQ'     
'SMBC','NASDAQ'     
'SONA','NASDAQ'     
'SBSI','NASDAQ'     
'OKSB','NASDAQ'     
'OKSBP','NASDAQ'    
'SPBC','NASDAQ'     
'SPAN','NASDAQ'     
'SBSA','NASDAQ'     
'SGRP','NASDAQ'     
'SPAR','NASDAQ'     
'SPTN','NASDAQ'     
'SPPI','NASDAQ'     
'SPEX','NASDAQ'     
'SPIR','NASDAQ'     
'SAVE','NASDAQ'     
'SPCHA','NASDAQ'    
'SPCHB','NASDAQ'    
'SPRD','NASDAQ'     
'SPSC','NASDAQ'     
'STRC','NASDAQ'     
'SRSL','NASDAQ'     
'SSNC','NASDAQ'     
'STAA','NASDAQ'     
'STMP','NASDAQ'     
'STND','NASDAQ'     
'SMSC','NASDAQ'     
'STAN','NASDAQ'     
'STLY','NASDAQ'     
'SPLS','NASDAQ'     
'SBLK','NASDAQ'     
'CIGX','NASDAQ'     
'SBUX','NASDAQ'     
'STFC','NASDAQ'     
'STBC','NASDAQ'     
'STBZ','NASDAQ'     
'SIBC','NASDAQ'     
'GASS','NASDAQ'     
'STEC','NASDAQ'     
'STLD','NASDAQ'     
'SMRT','NASDAQ'     
'STNR','NASDAQ'     
'STEL','NASDAQ'     
'STEM','NASDAQ'     
'STXS','NASDAQ'     
'SRCL','NASDAQ'     
'STRL','NASDAQ'     
'STSA','NASDAQ'     
'SHOO','NASDAQ'     
'SSFN','NASDAQ'     
'STEI','NASDAQ'     
'STON','NASDAQ'     
'SSYS','NASDAQ'     
'SDIX','NASDAQ'     
'STRT','NASDAQ'     
'STRS','NASDAQ'     
'STRA','NASDAQ'     
'STRM','NASDAQ'     
'STB','NASDAQ'      
'SCMP','NASDAQ'     
'SUBK','NASDAQ'     
'SUMR','NASDAQ'     
'SMMF','NASDAQ'     
'SSBI','NASDAQ'     
'SNBC','NASDAQ'     
'SUNH','NASDAQ'     
'SNHY','NASDAQ'     
'SNSS','NASDAQ'     
'STKL','NASDAQ'     
'SPWR','NASDAQ'     
'SMCI','NASDAQ'     
'SCON','NASDAQ'     
'SGC','NASDAQ'      
'SPMD','NASDAQ'     
'SPPR','NASDAQ'     
'SPPRO','NASDAQ'    
'SPPRP','NASDAQ'    
'SUPX','NASDAQ'     
'SPRT','NASDAQ'     
'SURW','NASDAQ'     
'SRDX','NASDAQ'     
'SUSQ','NASDAQ'     
'SUSS','NASDAQ'     
'SBBX','NASDAQ'     
'SUTR','NASDAQ'     
'STRN','NASDAQ'     
'SIVB','NASDAQ'     
'SIVBO','NASDAQ'    
'SWSH','NASDAQ'     
'SXCI','NASDAQ'     
'SCMR','NASDAQ'     
'SYKE','NASDAQ'     
'SYMC','NASDAQ'     
'SYMM','NASDAQ'     
'GEVA','NASDAQ'     
'SYNL','NASDAQ'     
'SYNA','NASDAQ'     
'SNCR','NASDAQ'     
'SURG','NASDAQ'     
'SGYPD','NASDAQ'    
'SGYPU','NASDAQ'    
'ELOS','NASDAQ'     
'SNPS','NASDAQ'     
'SYNO','NASDAQ'     
'SNTA','NASDAQ'     
'SYNT','NASDAQ'     
'SYMX','NASDAQ'     
'SYNM','NASDAQ'     
'SYUT','NASDAQ'     
'SYPR','NASDAQ'     
'TROW','NASDAQ'     
'TAIT','NASDAQ'     
'TTWO','NASDAQ'     
'TLEO','NASDAQ'     
'TBAC','NASDAQ'     
'TLF','NASDAQ'      
'TNGO','NASDAQ'     
'TRGT','NASDAQ'     
'TASR','NASDAQ'     
'TATT','NASDAQ'     
'TAYC','NASDAQ'     
'TAYCP','NASDAQ'    
'TAYD','NASDAQ'     
'TBSI','NASDAQ'     
'TCLP','NASDAQ'     
'AMTD','NASDAQ'     
'TISI','NASDAQ'     
'TSTF','NASDAQ'     
'TEAR','NASDAQ'     
'TECD','NASDAQ'     
'TECH','NASDAQ'     
'TCCO','NASDAQ'     
'TTGT','NASDAQ'     
'TECUA','NASDAQ'    
'TECUB','NASDAQ'    
'TGAL','NASDAQ'     
'TKLC','NASDAQ'     
'TKMR','NASDAQ'     
'TSYS','NASDAQ'     
'TFONY','NASDAQ'    
'TNAV','NASDAQ'     
'TSTC','NASDAQ'     
'TTEC','NASDAQ'     
'TELK','NASDAQ'     
'TLAB','NASDAQ'     
'WRLS','NASDAQ'     
'TNGN','NASDAQ'     
'TNCC','NASDAQ'     
'TBNK','NASDAQ'     
'TESO','NASDAQ'     
'TSLA','NASDAQ'     
'TESS','NASDAQ'     
'TSRA','NASDAQ'     
'TTEK','NASDAQ'     
'TEVA','NASDAQ'     
'TCBI','NASDAQ'     
'TCBIW','NASDAQ'    
'TXRH','NASDAQ'     
'THRD','NASDAQ'     
'TFSL','NASDAQ'     
'TGE','NASDAQ'      
'ABCO','NASDAQ'     
'ANDE','NASDAQ'     
'TBBK','NASDAQ'     
'BKYF','NASDAQ'     
'BONT','NASDAQ'     
'CAKE','NASDAQ'     
'CHEF','NASDAQ'     
'PLCE','NASDAQ'     
'CTBC','NASDAQ'     
'DSGX','NASDAQ'     
'DXYN','NASDAQ'     
'ESBK','NASDAQ'     
'ENSG','NASDAQ'     
'FINL','NASDAQ'     
'FBMS','NASDAQ'     
'FLIC','NASDAQ'     
'TFM','NASDAQ'      
'HCKT','NASDAQ'     
'HAIN','NASDAQ'     
'CUBA','NASDAQ'     
'INTG','NASDAQ'     
'KEYW','NASDAQ'     
'MSG','NASDAQ'      
'TMNG','NASDAQ'     
'MDCO','NASDAQ'     
'MIDD','NASDAQ'     
'NDAQ','NASDAQ'     
'NAVG','NASDAQ'     
'PTRY','NASDAQ'     
'REVU','NASDAQ'     
'PRSC','NASDAQ'     
'SAVB','NASDAQ'     
'SPNC','NASDAQ'     
'ULTI','NASDAQ'     
'WTSLA','NASDAQ'    
'YORW','NASDAQ'     
'NCTY','NASDAQ'     
'THER','NASDAQ'     
'THRX','NASDAQ'     
'KOOL','NASDAQ'     
'TST','NASDAQ'      
'TCRD','NASDAQ'     
'TPGI','NASDAQ'     
'THOR','NASDAQ'     
'THQI','NASDAQ'     
'THLD','NASDAQ'     
'THTI','NASDAQ'     
'OINK','NASDAQ'     
'TIBB','NASDAQ'     
'TIBX','NASDAQ'     
'TBET','NASDAQ'     
'TICC','NASDAQ'     
'TIER','NASDAQ'     
'TIGR','NASDAQ'     
'TIII','NASDAQ'     
'TSBK','NASDAQ'     
'TITN','NASDAQ'     
'TIVO','NASDAQ'     
'TISA','NASDAQ'     
'TOPS','NASDAQ'     
'TORM       
'TRGL','NASDAQ'     
'TRMD','NASDAQ'     
'TRNX','NASDAQ'     
'TOBC','NASDAQ'     
'TOFC','NASDAQ'     
'TWGP','NASDAQ'     
'TSEM','NASDAQ'     
'TSEMG','NASDAQ'    
'TWER','NASDAQ'     
'CLUB','NASDAQ'     
'TOWN','NASDAQ'     
'TPCG','NASDAQ'     
'TSCO','NASDAQ'     
'TWMC','NASDAQ'     
'TSON','NASDAQ'     
'TACT','NASDAQ'     
'TRNS','NASDAQ'     
'TRCR','NASDAQ'     
'TSPT','NASDAQ'     
'TGA','NASDAQ'      
'TTHI','NASDAQ'     
'TXCC','NASDAQ'     
'TZYM','NASDAQ'     
'TZOO','NASDAQ'     
'TREE','NASDAQ'     
'TCBK','NASDAQ'     
'TRID','NASDAQ'     
'TRS','NASDAQ'      
'TRMB','NASDAQ'     
'TRIB','NASDAQ'     
'TQNT','NASDAQ'     
'TRIT','NASDAQ'     
'TSRX','NASDAQ'     
'TRLG','NASDAQ'     
'TBOW','NASDAQ'     
'TRST','NASDAQ'     
'TRMK','NASDAQ'     
'TSRI','NASDAQ'     
'TTMI','NASDAQ'     
'TUDO','NASDAQ'     
'TUES','NASDAQ'     
'TFCO','NASDAQ'     
'TWTC','NASDAQ'     
'TWIN','NASDAQ'     
'USCR','NASDAQ'     
'PRTS','NASDAQ'     
'USEG','NASDAQ'     
'GROW','NASDAQ'     
'USHS','NASDAQ'     
'USPH','NASDAQ'     
'UBNT','NASDAQ'     
'UFPT','NASDAQ'     
'ULTA','NASDAQ'          
'UCTT','NASDAQ'     
'ULBI','NASDAQ'     
'ULTR','NASDAQ'     
'UTEK','NASDAQ'     
'UMBF','NASDAQ'     
'UMPQ','NASDAQ'     
'UNAM','NASDAQ'     
'UNIS','NASDAQ'     
'UNB','NASDAQ'      
'UDRL','NASDAQ'     
'UBSH','NASDAQ'     
'UNXL','NASDAQ'     
'UBCP','NASDAQ'     
'UBOH','NASDAQ'     
'UBSI','NASDAQ'     
'UCBA','NASDAQ'     
'UCBI','NASDAQ'     
'UCFC','NASDAQ'     
'UBNK','NASDAQ'     
'UFCS','NASDAQ'     
'UNFI','NASDAQ'     
'UNTD','NASDAQ'      
'UBFO','NASDAQ'     
'USBI','NASDAQ'     
'USLM','NASDAQ'            
'USTR','NASDAQ'     
'UTHR','NASDAQ'     
'UG','NASDAQ'       
'UNTK','NASDAQ'     
'UNTY','NASDAQ'     
'UBPS','NASDAQ'     
'UBPSU','NASDAQ'    
'UBPSW','NASDAQ'    
'PANL','NASDAQ'     
'UEIC','NASDAQ'     
'UFPI','NASDAQ'     
'USAP','NASDAQ'     
'UACL','NASDAQ'     
'UVSP','NASDAQ'     
'URRE','NASDAQ'     
'URBN','NASDAQ'     
'ULGX','NASDAQ'     
'UPI','NASDAQ'      
'ECOL','NASDAQ'     
'USMO','NASDAQ'     
'USAT','NASDAQ'     
'USATP','NASDAQ'    
'USATW','NASDAQ'    
'USATZ','NASDAQ'    
'USAK','NASDAQ'     
'UTMD','NASDAQ'     
'UTIW','NASDAQ'     
'UTSI','NASDAQ'     
'VLNC','NASDAQ'     
'VYFC','NASDAQ'     
'VLYWW','NASDAQ'    
'VPF','NASDAQ'      
'VALU','NASDAQ'     
'VCLK','NASDAQ'     
'VVTV','NASDAQ'     
'VNDA','NASDAQ'     
'VGIT','NASDAQ'     
'VCIT','NASDAQ'     
'VNQI','NASDAQ'     
'VCLT','NASDAQ'     
'VGLT','NASDAQ'     
'VMBS','NASDAQ'     
'VONE','NASDAQ'     
'VONG','NASDAQ'     
'VONV','NASDAQ'     
'VTWO','NASDAQ'     
'VTWG','NASDAQ'     
'VTWV','NASDAQ'     
'VTHR','NASDAQ'     
'VGSH','NASDAQ'     
'VCSH','NASDAQ'     
'VXUS','NASDAQ'     
'VDSI','NASDAQ'     
'VASC','NASDAQ'     
'WOOF','NASDAQ'     
'VECO','NASDAQ'     
'VELT','NASDAQ'     
'VTUS','NASDAQ'     
'VRA','NASDAQ'      
'VRNM','NASDAQ'     
'VRNT','NASDAQ'     
'VRSN','NASDAQ'     
'VRSK','NASDAQ'     
'VRML','NASDAQ'     
'VSNT','NASDAQ'     
'VRTX','NASDAQ'     
'VTRO','NASDAQ'     
'VRTA','NASDAQ'     
'VRTB','NASDAQ'     
'VIA','NASDAQ'      
'VIAB','NASDAQ'     
'VSAT','NASDAQ'     
'VIAS','NASDAQ'     
'VICL','NASDAQ'     
'VICR','NASDAQ'     
'VIDE','NASDAQ'     
'VPFG','NASDAQ'     
'VBFC','NASDAQ'     
'VLGEA','NASDAQ'    
'VIMC','NASDAQ'     
'VIRC','NASDAQ'     
'VMED','NASDAQ'     
'VCBI','NASDAQ'     
'VPHM','NASDAQ'     
'VSCP','NASDAQ'     
'VRTS','NASDAQ'     
'VRTU','NASDAQ'     
'VISN','NASDAQ'     
'VSCI','NASDAQ'     
'VIST','NASDAQ'     
'VPRT','NASDAQ'     
'VITC','NASDAQ'     
'VTSS','NASDAQ'     
'VTNC','NASDAQ'     
'VVUS','NASDAQ'     
'VOCS','NASDAQ'     
'VOD','NASDAQ'      
'VOLC','NASDAQ'     
'VLTR','NASDAQ'     
'VSBN','NASDAQ'     
'VSEC','NASDAQ'     
'WACLY','NASDAQ'    
'WCRX','NASDAQ'     
'WRES','NASDAQ'     
'WWVY','NASDAQ'     
'WBCO','NASDAQ'     
'WFSL','NASDAQ'     
'WFSLW','NASDAQ'    
'WASH','NASDAQ'     
'WSBF','NASDAQ'     
'WAVX','NASDAQ'     
'WAYN','NASDAQ'     
'WSTG','NASDAQ'     
'WCAA','NASDAQ'     
'WDFC','NASDAQ'     
'WWWW','NASDAQ'     
'WBMD','NASDAQ'     
'WEBM','NASDAQ'     
'WBSN','NASDAQ'     
'WBSTP','NASDAQ'    
'WERN','NASDAQ'     
'WSBC','NASDAQ'     
'WTBA','NASDAQ'     
'WCBO','NASDAQ'     
'WMAR','NASDAQ'     
'WABC','NASDAQ'     
'WSTL','NASDAQ'     
'WLBC','NASDAQ'     
'WFD','NASDAQ'      
'WEST','NASDAQ'     
'WLB','NASDAQ'      
'WLBPZ','NASDAQ'    
'WPRT','NASDAQ'     
'WWAY','NASDAQ'     
'DIAL','NASDAQ'     
'WEYS','NASDAQ'     
'WHSM','NASDAQ'     
'WFM','NASDAQ'      
'WILN','NASDAQ'     
'WVVI','NASDAQ'     
'WLDN','NASDAQ'     
'WMCO','NASDAQ'     
'WLFC','NASDAQ'     
'WLFCP','NASDAQ'    
'WIBC','NASDAQ'     
'WIN','NASDAQ'      
'WINA','NASDAQ'     
'WINN','NASDAQ'     
'WWIN','NASDAQ'     
'WTFC','NASDAQ'     
'WTFCW','NASDAQ'    
'RNIN','NASDAQ'     
'WETF','NASDAQ'     
'GULF','NASDAQ'     
'WBKC','NASDAQ'     
'WWD','NASDAQ'      
'WRLD','NASDAQ'     
'XWES','NASDAQ'     
'WHRT','NASDAQ'     
'BWOW','NASDAQ'     
'BWOWU','NASDAQ'    
'BWOWW','NASDAQ'    
'WPCS','NASDAQ'     
'WPPGY','NASDAQ'    
'WMGI','NASDAQ'     
'WSB','NASDAQ'      
'WSFS','NASDAQ'     
'WSCI','NASDAQ'     
'WUHN','NASDAQ'     
'WVFC','NASDAQ'     
'WYNN','NASDAQ'     
'XATA','NASDAQ'     
'XBKS','NASDAQ'     
'XNPT','NASDAQ'     
'XLNX','NASDAQ'     
'XOMA','NASDAQ'     
'XRIT','NASDAQ'     
'XRTX','NASDAQ'     
'YAVY','NASDAQ'     
'YHOO','NASDAQ'     
'YNDX','NASDAQ'     
'YONG','NASDAQ'     
'YDNT','NASDAQ'     
'YRCWD','NASDAQ'    
'YTEC','NASDAQ'     
'ZAGG','NASDAQ'     
'ZLCS','NASDAQ'     
'ZBRA','NASDAQ'     
'ZLTQ','NASDAQ'     
'ZHNE','NASDAQ'     
'HOGS','NASDAQ'     
'Z','NASDAQ'        
'ZN','NASDAQ'       
'ZNWAL','NASDAQ'    
'ZNWAW','NASDAQ'    
'ZNWAZ','NASDAQ'    
'ZION','NASDAQ'     
'ZIONW','NASDAQ'    
'ZIOP','NASDAQ'     
'ZIP','NASDAQ'      
'ZIPR','NASDAQ'     
'ZIXI','NASDAQ'     
'ZGNX','NASDAQ'     
'ZOLL','NASDAQ'     
'ZOLT','NASDAQ'     
'ZOOM','NASDAQ'     
'ZSTN','NASDAQ'      
'ZUMZ','NASDAQ'     
'ZIGO','NASDAQ'     
