'DDD','NYSE'    
'MMM','NYSE'    
'SVN','NYSE'    
'NDN','NYSE'    
'AHC','NYSE'    
'AIR','NYSE'    
'AAN','NYSE'    
'ABB','NYSE'    
'ABT','NYSE'    
'ANF','NYSE'    
'ABH','NYSE'    
'ABM','NYSE'    
'ABVT','NYSE'   
'AKR','NYSE'    
'ACN','NYSE'    
'ABD','NYSE'    
'AH','NYSE'     
'ACW','NYSE'    
'ACE','NYSE'    
'ATV','NYSE'    
'ATU','NYSE'    
'AYI','NYSE'    
'ADX','NYSE'    
'AGRO','NYSE'   
'PVD','NYSE'    
'AEA','NYSE'    
'AAP','NYSE'    
'AMD','NYSE'    
'ASX','NYSE'    
'AAV','NYSE'    
'ATE','NYSE'    
'AGC','NYSE'    
'AVK','NYSE'    
'LCM','NYSE'    
'ACM','NYSE'    
'ANW','NYSE'    
'AEB','NYSE'    
'AED','NYSE'    
'AEF','NYSE'    
'AEG','NYSE'    
'AEH','NYSE'    
'AEV','NYSE'    
'AER','NYSE'    
'ARX','NYSE'    
'ARO','NYSE'    
'AET','NYSE'    
'AMG','NYSE'    
'AFL','NYSE'    
'MITT','NYSE'   
'AGCO','NYSE'   
'NCV','NYSE'    
'NCZ','NYSE'    
'NIE','NYSE'    
'NGZ','NYSE'    
'NAI','NYSE'    
'A','NYSE'      
'AGL','NYSE'    
'AEM','NYSE'    
'ADC','NYSE'    
'GRO','NYSE'    
'AGU','NYSE'    
'AL','NYSE'     
'APD','NYSE'    
'AYR','NYSE'    
'ARG','NYSE'    
'AKS','NYSE'    
'ALM','NYSE'    
'ALP-N','NYSE'  
'ALP-O','NYSE'  
'ALP-P','NYSE'  
'ALG','NYSE'    
'ALK','NYSE'    
'AIN','NYSE'    
'ALB','NYSE'    
'ALU','NYSE'    
'AA','NYSE'     
'ALR','NYSE'    
'ALR-B','NYSE'  
'ALEX','NYSE'   
'ALX','NYSE'    
'ARE','NYSE'    
'ARE-C','NYSE'  
'Y','NYSE'      
'ATI','NYSE'    
'AGN','NYSE'    
'ALE','NYSE'    
'AKP','NYSE'    
'AB','NYSE'     
'ADS','NYSE'    
'AIQ','NYSE'    
'AFB','NYSE'    
'AYN','NYSE'    
'AOI','NYSE'    
'AWF','NYSE'    
'ACG','NYSE'    
'LNT','NYSE'    
'ATK','NYSE'    
'AFC','NYSE'    
'AWH','NYSE'    
'ALL','NYSE'    
'BSI','NYSE'    
'ALJ','NYSE'    
'ANR','NYSE'    
'AGD','NYSE'    
'AWP','NYSE'    
'AOD','NYSE'    
'MO','NYSE'     
'AWC','NYSE'    
'ACH','NYSE'    
'PLD','NYSE'    
'PLD-L','NYSE'  
'PLD-M','NYSE'  
'PLD-O','NYSE'  
'PLD-P','NYSE'  
'PLD-R','NYSE'  
'PLD-S','NYSE'  
'AMBO','NYSE'   
'ACO','NYSE'    
'DOX','NYSE'    
'AEE','NYSE'    
'AMRC','NYSE'   
'MFA','NYSE'    
'MFA-A','NYSE'  
'AMX','NYSE'    
'AAT','NYSE'    
'AXL','NYSE'    
'ACC','NYSE'    
'AEO','NYSE'    
'AEP','NYSE'    
'AEP-A','NYSE'  
'AEL','NYSE'    
'AXP','NYSE'    
'AFE','NYSE'    
'AFG','NYSE'    
'AFQ','NYSE'    
'GFW','NYSE'    
'GFZ','NYSE'    
'AM','NYSE'     
'MRF','NYSE'    
'AFF','NYSE'    
'AIG','NYSE'    
'AIG-WS','NYSE' 
'AVF','NYSE'    
'AMID','NYSE'   
'XAA','NYSE'    
'AOB','NYSE'    
'ARL','NYSE'    
'ARC','NYSE'    
'ASI','NYSE'    
'SLA','NYSE'    
'AWR','NYSE'    
'ASP','NYSE'    
'BSP','NYSE'    
'CSP','NYSE'    
'AMT','NYSE'    
'AVD','NYSE'    
'AWK','NYSE'    
'APU','NYSE'    
'AGP','NYSE'    
'AMP','NYSE'    
'AMP-A','NYSE'  
'ABC','NYSE'    
'AHS','NYSE'    
'AP','NYSE'     
'APH','NYSE'    
'AAR','NYSE'    
'AMR','NYSE'    
'AXR','NYSE'    
'AME','NYSE'    
'APC','NYSE'    
'ADI','NYSE'    
'AU','NYSE'     
'AU-A','NYSE'   
'BUD','NYSE'    
'AXE','NYSE'    
'ANN','NYSE'    
'NLY','NYSE'    
'NLY-A','NYSE'  
'ANH','NYSE'    
'ANH-A','NYSE'  
'ANH-B','NYSE'  
'AOL','NYSE'    
'AON','NYSE'    
'APA','NYSE'    
'APA-D','NYSE'  
'AIV','NYSE'    
'AIV-T','NYSE'  
'AIV-U','NYSE'  
'AIV-V','NYSE'  
'AIV-Y','NYSE'  
'AIV-Z','NYSE'  
'ARI','NYSE'    
'APO','NYSE'    
'AMTG','NYSE'   
'AFT','NYSE'    
'AIT','NYSE'    
'ATR','NYSE'    
'WTR','NYSE'    
'ARB','NYSE'    
'ABR','NYSE'    
'MT','NYSE'     
'ARH-A','NYSE'  
'ARH-B','NYSE'  
'ACI','NYSE'    
'ADM','NYSE'    
'ARCO','NYSE'   
'ARY','NYSE'    
'AI','NYSE'     
'ARR','NYSE'    
'AWI','NYSE'    
'ARW','NYSE'    
'AJG','NYSE'    
'ART','NYSE'    
'ASA','NYSE'    
'ABG','NYSE'    
'AHT','NYSE'    
'AHT-A','NYSE'  
'AHT-D','NYSE'  
'AHT-E','NYSE'  
'ASH','NYSE'    
'APB','NYSE'    
'GRR','NYSE'    
'AHL','NYSE'    
'AHL-','NYSE'   
'AHL-A','NYSE'  
'ALC','NYSE'    
'ABW-A','NYSE'  
'ABW-B','NYSE'  
'AEC','NYSE'    
'AIZ','NYSE'    
'AGO','NYSE'    
'AGO-B','NYSE'  
'AGO-E','NYSE'  
'AGO-F','NYSE'  
'AF','NYSE'     
'AZN','NYSE'    
'ATT','NYSE'    
'T','NYSE'      
'AT','NYSE'     
'ATLS','NYSE'   
'APL','NYSE'    
'ATO','NYSE'    
'ATW','NYSE'    
'AUO','NYSE'    
'AUQ','NYSE'    
'ALV','NYSE'    
'ALV-Z','NYSE'  
'AN','NYSE'     
'AZO','NYSE'    
'AVB','NYSE'    
'ACP','NYSE'    
'AVY','NYSE'    
'AVA','NYSE'    
'AV','NYSE'     
'AVV','NYSE'    
'AVT','NYSE'    
'AVP','NYSE'    
'AVX','NYSE'    
'AXS','NYSE'    
'AXS-A','NYSE'  
'AZZ','NYSE'    
'BGS','NYSE'    
'BWC','NYSE'    
'BMI','NYSE'    
'BHI','NYSE'    
'BBN','NYSE'    
'BLL','NYSE'    
'BYI','NYSE'    
'BALT','NYSE'   
'BGE-B','NYSE'  
'BBVA','NYSE'   
'BBD','NYSE'    
'BCH','NYSE'    
'BLX','NYSE'    
'BMA','NYSE'    
'BSBR','NYSE'   
'STD','NYSE'    
'STD-A','NYSE'  
'STD-B','NYSE'  
'STD-C','NYSE'  
'STD-E','NYSE'  
'STD-f','NYSE'  
'STD-I','NYSE'  
'SAN','NYSE'    
'CIB','NYSE'    
'BXS','NYSE'    
'BXS-A','NYSE'  
'BAC','NYSE'    
'BAC-WS-A'
'BAC-WS-B'
'BAC-B','NYSE'  
'BAC-C','NYSE'  
'BAC-D','NYSE'  
'BAC-E','NYSE'  
'BAC-H','NYSE'  
'BAC-I','NYSE'  
'BAC-J','NYSE'  
'BAC-L','NYSE'  
'BAC-U','NYSE'  
'BAC-V','NYSE'  
'BAC-W','NYSE'  
'BAC-X','NYSE'  
'BAC-Y','NYSE'  
'BAC-Z','NYSE'  
'BML-G','NYSE'  
'BML-H','NYSE'  
'BML-I','NYSE'  
'BML-J','NYSE'  
'BML-L','NYSE'  
'BML-N','NYSE'  
'BML-O','NYSE'  
'BML-Q','NYSE'  
'IKJ','NYSE'    
'IKL','NYSE'    
'IKM','NYSE'    
'IKR','NYSE'    
'BOH','NYSE'    
'BMO','NYSE'    
'BK','NYSE'     
'BK-E','NYSE'   
'BK-F','NYSE'   
'BNS','NYSE'    
'BBX','NYSE'    
'RATE','NYSE'   
'BKU','NYSE'    
'BCS','NYSE'    
'BCS-','NYSE'   
'BCS-A','NYSE'  
'BCS-C','NYSE'  
'BCS-D','NYSE'  
'BKS','NYSE'    
'B','NYSE'      
'ABX','NYSE'    
'BAS','NYSE'    
'BAX','NYSE'    
'BTE','NYSE'    
'BBT','NYSE'    
'BBT-A','NYSE'  
'BBT-B','NYSE'  
'BBT-C','NYSE'  
'PMB-','NYSE'   
'BFR','NYSE'    
'BCE','NYSE'    
'BEAM','NYSE'   
'BEAM-A','NYSE' 
'FBHS','NYSE'   
'TZF','NYSE'    
'BZH','NYSE'    
'BZMD','NYSE'   
'BZU','NYSE'    
'BDX','NYSE'    
'BDC','NYSE'    
'BLC','NYSE'    
'BMS','NYSE'    
'BHE','NYSE'    
'BRK-A','NYSE'  
'BRK-B','NYSE'  
'BRY','NYSE'    
'BBY','NYSE'    
'BHP','NYSE'    
'BBL','NYSE'    
'BIG','NYSE'    
'BH','NYSE'     
'BBG','NYSE'    
'BMR','NYSE'    
'BMR-A','NYSE'  
'BIO','NYSE'    
'BIO-B','NYSE'  
'BITA','NYSE'   
'BKH','NYSE'    
'BJZ','NYSE'    
'BFZ','NYSE'    
'CII','NYSE'    
'BHK','NYSE'    
'CYE','NYSE'    
'HYV','NYSE'    
'HYT','NYSE'    
'COY','NYSE'    
'PSY','NYSE'    
'DSU','NYSE'    
'BHL','NYSE'    
'DVF','NYSE'    
'BQR','NYSE'    
'BGR','NYSE'    
'BDJ','NYSE'    
'EGF','NYSE'    
'EGF-WD','NYSE' 
'BDV','NYSE'    
'FRB','NYSE'    
'FRA','NYSE'    
'BFO','NYSE'    
'BGT','NYSE'    
'BOE','NYSE'    
'BME','NYSE'    
'BHY','NYSE'    
'BAF','NYSE'    
'BNA','NYSE'    
'BKT','NYSE'    
'BGY','NYSE'    
'BKN','NYSE'    
'BTA','NYSE'    
'MUI','NYSE'    
'MNE','NYSE'    
'MUA','NYSE'    
'BPK','NYSE'    
'BKK','NYSE'    
'BIE','NYSE'    
'BBK','NYSE'    
'BBF','NYSE'    
'BYM','NYSE'    
'BFK','NYSE'    
'MEN','NYSE'    
'MUC','NYSE'    
'MUH','NYSE'    
'MHD','NYSE'    
'MFL','NYSE'    
'MUJ','NYSE'    
'MHN','NYSE'    
'MUE','NYSE'    
'MUS','NYSE'    
'MVT','NYSE'    
'MYC','NYSE'    
'MCA','NYSE'    
'MYD','NYSE'    
'MYF','NYSE'    
'MFT','NYSE'    
'MYM','NYSE'    
'MIY','NYSE'    
'MYJ','NYSE'    
'MJI','NYSE'    
'MYN','NYSE'    
'MPA','NYSE'    
'MQT','NYSE'    
'MYI','NYSE'    
'MQY','NYSE'    
'BNJ','NYSE'    
'BNY','NYSE'    
'BLH','NYSE'    
'BQH','NYSE'    
'BSE','NYSE'    
'BTZ','NYSE'    
'PSW','NYSE'    
'BPP','NYSE'    
'BCF','NYSE'    
'BCX','NYSE'    
'BHD','NYSE'    
'BDT','NYSE'    
'BSD','NYSE'    
'BUI','NYSE'    
'BLK','NYSE'    
'BGX','NYSE'    
'BSL','NYSE'    
'BLT','NYSE'    
'BXG','NYSE'    
'BXC','NYSE'    
'BTH','NYSE'    
'BWP','NYSE'    
'BA','NYSE'     
'BZ','NYSE'     
'BAH','NYSE'    
'BWA','NYSE'    
'SAM','NYSE'    
'BXP','NYSE'    
'BSX','NYSE'    
'BTF','NYSE'    
'TEU','NYSE'    
'BYD','NYSE'    
'BP','NYSE'     
'BPT','NYSE'    
'BPZ','NYSE'    
'BRC','NYSE'    
'BDN','NYSE'    
'BDN-C','NYSE'  
'BDN-D','NYSE'  
'BTM','NYSE'    
'BTM-C','NYSE'  
'BRE','NYSE'    
'BRE-D','NYSE'  
'BRFS','NYSE'   
'BPI','NYSE'    
'BGG','NYSE'    
'EAT','NYSE'    
'BCO','NYSE'    
'BMY','NYSE'    
'BMY-','NYSE'   
'BRS','NYSE'    
'BR','NYSE'     
'BKD','NYSE'    
'BAM','NYSE'    
'INF','NYSE'    
'BIP','NYSE'    
'BPO','NYSE'    
'BRP','NYSE'    
'BRO','NYSE'    
'BF-A','NYSE'   
'BF-B','NYSE'   
'BWS','NYSE'    
'BRT','NYSE'    
'BC','NYSE'     
'BT','NYSE'     
'BPL','NYSE'    
'BKI','NYSE'    
'BKE','NYSE'    
'BBW','NYSE'    
'BG','NYSE'     
'CJES','NYSE'   
'BCR','NYSE'    
'GYB','NYSE'    
'PFH','NYSE'    
'CAB','NYSE'    
'CVC','NYSE'    
'CBT','NYSE'    
'COG','NYSE'    
'CACI','NYSE'   
'CAE','NYSE'    
'CAP','NYSE'    
'DVR','NYSE'    
'CHY','NYSE'    
'CHI','NYSE'    
'CHW','NYSE'    
'CGO','NYSE'    
'CSQ','NYSE'    
'CCC','NYSE'    
'CWT','NYSE'    
'CALX','NYSE'   
'ELY','NYSE'    
'CPE','NYSE'    
'CPN','NYSE'    
'CBM','NYSE'    
'CPT','NYSE'    
'CCJ','NYSE'    
'CIS','NYSE'    
'CAM','NYSE'    
'CPB','NYSE'    
'CCG','NYSE'    
'CM','NYSE'     
'CNI','NYSE'    
'CNQ','NYSE'    
'CP','NYSE'     
'CAJ','NYSE'    
'CMN','NYSE'    
'COF','NYSE'    
'COF-WS','NYSE' 
'COF-B','NYSE'  
'CSU','NYSE'    
'CT','NYSE'     
'CSE','NYSE'    
'LSE','NYSE'    
'LSE-A','NYSE'  
'CMO','NYSE'    
'CMO-A','NYSE'  
'CMO-B','NYSE'  
'CRR','NYSE'    
'CAH','NYSE'    
'CFN','NYSE'    
'CSL','NYSE'    
'KMX','NYSE'    
'CCL','NYSE'    
'CUK','NYSE'    
'CRS','NYSE'    
'CSV','NYSE'    
'CRI','NYSE'    
'CASC','NYSE'   
'CSH','NYSE'    
'CAS','NYSE'    
'CAT','NYSE'    
'CATO','NYSE'   
'CBZ','NYSE'    
'CBL','NYSE'    
'CBL-C','NYSE'  
'CBL-D','NYSE'  
'CBO','NYSE'    
'IGR','NYSE'    
'CBG','NYSE'    
'CBS','NYSE'    
'CBS-A','NYSE'  
'CPV','NYSE'    
'CBX','NYSE'    
'CDI','NYSE'    
'CEC','NYSE'    
'FUN','NYSE'    
'CDR','NYSE'    
'CDR-A','NYSE'  
'CGI','NYSE'    
'CE','NYSE'     
'CLS','NYSE'    
'CEL','NYSE'    
'CX','NYSE'     
'CVE','NYSE'    
'CNC','NYSE'    
'CNP','NYSE'    
'EBR','NYSE'    
'EBR-B','NYSE'  
'CEE','NYSE'    
'CV','NYSE'     
'CTL','NYSE'    
'CVO','NYSE'    
'CF','NYSE'     
'GIB','NYSE'    
'CHG','NYSE'    
'CRL','NYSE'    
'CLDT','NYSE'   
'CKP','NYSE'    
'CHE','NYSE'    
'CHMT','NYSE'   
'CHK','NYSE'    
'CHK-D','NYSE'  
'CHKR','NYSE'   
'CHSP','NYSE'   
'CHKM','NYSE'   
'CPK','NYSE'    
'CVX','NYSE'    
'CBI','NYSE'    
'CHS','NYSE'    
'CIM','NYSE'    
'CO','NYSE'     
'STV','NYSE'    
'DL','NYSE'     
'CEA','NYSE'    
'CEU','NYSE'    
'CHN','NYSE'    
'CGA','NYSE'    
'CHC','NYSE'    
'CHC-WS','NYSE' 
'KH','NYSE'     
'LFC','NYSE'    
'CMM','NYSE'    
'MY','NYSE'     
'CHL','NYSE'    
'NPD','NYSE'    
'BORN','NYSE'   
'SNP','NYSE'    
'ZNH','NYSE'    
'CHA','NYSE'    
'CHU','NYSE'    
'XNY','NYSE'    
'CYD','NYSE'    
'ZX','NYSE'     
'CMG','NYSE'    
'CQB','NYSE'    
'CHH','NYSE'    
'CBK','NYSE'    
'CB','NYSE'     
'CHT','NYSE'    
'CHD','NYSE'    
'CBR','NYSE'    
'CI','NYSE'     
'HIS','NYSE'    
'XEC','NYSE'    
'CBB','NYSE'    
'CBB-B','NYSE'  
'CNK','NYSE'    
'CIR','NYSE'    
'CIT','NYSE'    
'BLW','NYSE'    
'C','NYSE'      
'C-WS-A','NYSE' 
'C-WS-B','NYSE' 
'C-E','NYSE'    
'C-F','NYSE'    
'C-G','NYSE'    
'C-H','NYSE'    
'C-I','NYSE'    
'C-J','NYSE'    
'C-M','NYSE'    
'C-N','NYSE'    
'C-O','NYSE'    
'C-P','NYSE'    
'C-Q','NYSE'    
'C-R','NYSE'    
'C-S','NYSE'    
'C-U','NYSE'    
'C-V','NYSE'    
'C-W','NYSE'    
'C-Z','NYSE'    
'CTZ-A','NYSE'  
'CIA','NYSE'    
'CYN','NYSE'    
'CLC','NYSE'    
'CLH','NYSE'    
'CCO','NYSE'    
'CEM','NYSE'    
'EMO','NYSE'    
'CLW','NYSE'    
'CNL','NYSE'    
'CLF','NYSE'    
'CLX','NYSE'    
'CLD','NYSE'    
'CMS','NYSE'    
'CMS-A','NYSE'  
'CMS-B','NYSE'  
'CNA','NYSE'    
'CNW','NYSE'    
'CNH','NYSE'    
'CNO','NYSE'    
'CEO','NYSE'    
'COH','NYSE'    
'CIE','NYSE'    
'KOF','NYSE'    
'CCH','NYSE'    
'KO','NYSE'     
'CCE','NYSE'    
'CDE','NYSE'    
'CSA','NYSE'    
'CSA-A','NYSE'  
'FOF','NYSE'    
'DVM','NYSE'    
'INB','NYSE'    
'UTF','NYSE'    
'RQI','NYSE'    
'RNP','NYSE'    
'PSF','NYSE'    
'RFI','NYSE'    
'CNS','NYSE'    
'CFX','NYSE'    
'CL','NYSE'     
'PSS','NYSE'    
'CXE','NYSE'    
'CMK','NYSE'    
'CIF','NYSE'    
'CXH','NYSE'    
'CMU','NYSE'    
'CLP','NYSE'    
'CLNY','NYSE'   
'STK','NYSE'    
'CCS','NYSE'    
'CCW','NYSE'    
'CCZ','NYSE'    
'CMA','NYSE'    
'CMA-WS','NYSE' 
'FIX','NYSE'    
'CMC','NYSE'    
'CWH','NYSE'    
'CWH-C','NYSE'  
'CWH-D','NYSE'  
'CWH-E','NYSE'  
'CWHN','NYSE'   
'CBU','NYSE'    
'CYH','NYSE'    
'CIG','NYSE'    
'CIG-C','NYSE'  
'CGV','NYSE'    
'CBD','NYSE'    
'ABV','NYSE'    
'ABV-C','NYSE'  
'SBS','NYSE'    
'ELP','NYSE'    
'CCU','NYSE'    
'BVN','NYSE'    
'CODI','NYSE'   
'CMP','NYSE'    
'CPX','NYSE'    
'CSC','NYSE'    
'CRK','NYSE'    
'CAG','NYSE'    
'CXO','NYSE'    
'CCM','NYSE'    
'COP','NYSE'    
'CNX','NYSE'    
'ED','NYSE'     
'ED-A','NYSE'   
'ED-C','NYSE'   
'CGX','NYSE'    
'STZ','NYSE'    
'STZ-B','NYSE'  
'CEG','NYSE'    
'CEG-A','NYSE'  
'CLR','NYSE'    
'CVG','NYSE'    
'COO','NYSE'    
'CBE','NYSE'    
'CTB','NYSE'    
'CPA','NYSE'    
'BAK','NYSE'    
'CLB','NYSE'    
'CLGX','NYSE'   
'COR','NYSE'    
'CPO','NYSE'    
'GLW','NYSE'    
'BCA','NYSE'    
'GYA','NYSE'    
'GYC','NYSE'    
'OFC','NYSE'    
'OFC-G','NYSE'  
'OFC-H','NYSE'  
'OFC-J','NYSE'  
'CXW','NYSE'    
'CZZ','NYSE'    
'CMRE','NYSE'   
'COT','NYSE'    
'CCSC','NYSE'   
'CFC-A','NYSE'  
'CFC-B','NYSE'  
'CUZ','NYSE'    
'CUZ-A','NYSE'  
'CUZ-B','NYSE'  
'CVD','NYSE'    
'CVA','NYSE'    
'CVH','NYSE'    
'COV','NYSE'    
'CPF','NYSE'    
'CPL','NYSE'    
'CPY','NYSE'    
'ZY-A','NYSE'   
'CR','NYSE'     
'CRD-A','NYSE'  
'CRD-B','NYSE'  
'BAP','NYSE'    
'CS','NYSE'     
'CRP','NYSE'    
'CMLP','NYSE'   
'CXS','NYSE'    
'CRH','NYSE'    
'CRT','NYSE'    
'CCI','NYSE'    
'CCK','NYSE'    
'CRY','NYSE'    
'CSS','NYSE'    
'CSX','NYSE'    
'CTS','NYSE'    
'CUBE','NYSE'   
'CUBE-A','NYSE' 
'CUB','NYSE'    
'CFR','NYSE'    
'CFI','NYSE'    
'CMI','NYSE'    
'CW','NYSE'     
'CVI','NYSE'    
'UAN','NYSE'    
'CVS','NYSE'    
'CYS','NYSE'    
'CYT','NYSE'    
'DHI','NYSE'    
'DAN','NYSE'    
'DHR','NYSE'    
'DAC','NYSE'    
'DQ','NYSE'     
'DRI','NYSE'    
'DAR','NYSE'    
'DVA','NYSE'    
'DCA','NYSE'    
'DPM','NYSE'    
'DCT','NYSE'    
'DF','NYSE'     
'DE','NYSE'     
'DEX','NYSE'    
'DDF','NYSE'    
'DK','NYSE'     
'DLPH','NYSE'   
'DFG','NYSE'    
'DFP','NYSE'    
'DAL','NYSE'    
'DEL','NYSE'    
'DLX','NYSE'    
'DMD','NYSE'    
'DNR','NYSE'    
'HXM','NYSE'    
'DKT','NYSE'    
'DB','NYSE'     
'DTK','NYSE'    
'DTT','NYSE'    
'DUA','NYSE'    
'DXB','NYSE'    
'DCE','NYSE'    
'DDR','NYSE'    
'DDR-H','NYSE'  
'DDR-I','NYSE'  
'DVN','NYSE'    
'DV','NYSE'     
'DEXO','NYSE'   
'DHT','NYSE'    
'DEO','NYSE'    
'DO','NYSE'     
'DRH','NYSE'    
'DSX','NYSE'    
'DHX','NYSE'    
'DKS','NYSE'    
'DBD','NYSE'    
'DDMG','NYSE'   
'DLR','NYSE'    
'DLR-E','NYSE'  
'DGI','NYSE'    
'DDS','NYSE'    
'DDT','NYSE'    
'DIN','NYSE'    
'DFS','NYSE'    
'DNI','NYSE'    
'DM','NYSE'     
'DLB','NYSE'    
'DOLE','NYSE'   
'DG','NYSE'     
'DTG','NYSE'    
'DOM','NYSE'    
'D','NYSE'      
'DRU','NYSE'    
'DPZ','NYSE'    
'UFS','NYSE'    
'DCI','NYSE'    
'DRL','NYSE'    
'PLOW','NYSE'   
'DEI','NYSE'    
'DOV','NYSE'    
'DVD','NYSE'    
'DDE','NYSE'    
'DPD','NYSE'    
'DPO','NYSE'    
'DOW','NYSE'    
'DPS','NYSE'    
'RDY','NYSE'    
'DRC','NYSE'    
'DW','NYSE'     
'DHF','NYSE'    
'DSM','NYSE'    
'LEO','NYSE'    
'DRQ','NYSE'    
'DST','NYSE'    
'DSW','NYSE'    
'DTE','NYSE'    
'DTE-A-CL'
'DTE-C-CL'
'DCO','NYSE'    
'DUF','NYSE'    
'DPG','NYSE'    
'DNP','NYSE'    
'DTF','NYSE'    
'DUC','NYSE'    
'DUK','NYSE'    
'DRE','NYSE'    
'DRE-J','NYSE'  
'DRE-K','NYSE'  
'DRE-L','NYSE'  
'DRE-M','NYSE'  
'DRE-O','NYSE'  
'DNB','NYSE'    
'DGW','NYSE'    
'DFT','NYSE'    
'DFT-A','NYSE'  
'DFT-B','NYSE'  
'DHG','NYSE'    
'DY','NYSE'     
'DYN','NYSE'    
'DX','NYSE'     
'DD','NYSE'     
'DD-A','NYSE'   
'DD-B','NYSE'   
'SSP','NYSE'    
'EXP','NYSE'    
'NGT','NYSE'    
'EGP','NYSE'    
'EMN','NYSE'    
'EK','NYSE'     
'ETN','NYSE'    
'ETV','NYSE'    
'ETW','NYSE'    
'EV','NYSE'     
'EOI','NYSE'    
'EOS','NYSE'    
'EFT','NYSE'    
'EOT','NYSE'    
'EVN','NYSE'    
'ETJ','NYSE'    
'EFR','NYSE'    
'EVF','NYSE'    
'EVG','NYSE'    
'EVT','NYSE'    
'ETO','NYSE'    
'EXD','NYSE'    
'ETG','NYSE'    
'ETB','NYSE'    
'ETY','NYSE'    
'EXG','NYSE'    
'ECT','NYSE'    
'ECL','NYSE'    
'DANG','NYSE'   
'EC','NYSE'     
'EIX','NYSE'    
'EDR','NYSE'    
'EW','NYSE'     
'EJ','NYSE'     
'EP','NYSE'     
'EP-C','NYSE'   
'EE','NYSE'     
'EPB','NYSE'    
'ELN','NYSE'    
'EGO','NYSE'    
'LLY','NYSE'    
'EFC','NYSE'    
'ELT','NYSE'    
'AKO-A','NYSE'  
'AKO-B','NYSE'  
'ERJ','NYSE'    
'EMC','NYSE'    
'EME','NYSE'    
'EBS','NYSE'    
'ESC','NYSE'    
'EMR','NYSE'    
'EDE','NYSE'    
'EIG','NYSE'    
'EDN','NYSE'    
'EOC','NYSE'    
'ICA','NYSE'    
'ELX','NYSE'    
'EEQ','NYSE'    
'EEP','NYSE'    
'ENB','NYSE'    
'ECA','NYSE'    
'END','NYSE'    
'EXK','NYSE'    
'ENH','NYSE'    
'ENH-A','NYSE'  
'ENH-B','NYSE'  
'NDRO','NYSE'   
'EGN','NYSE'    
'ENR','NYSE'    
'EPL','NYSE'    
'ETE','NYSE'    
'ETP','NYSE'    
'ES','NYSE'     
'ERF','NYSE'    
'ENI','NYSE'    
'ENS','NYSE'    
'E','NYSE'      
'EBF','NYSE'    
'NPO','NYSE'    
'ESV','NYSE'    
'ETM','NYSE'    
'EAA','NYSE'    
'ETR','NYSE'    
'ELA','NYSE'    
'ELB','NYSE'    
'EFM','NYSE'    
'EMQ','NYSE'    
'EMZ','NYSE'    
'EDT','NYSE'    
'EPD','NYSE'    
'EPR','NYSE'    
'EPR-C','NYSE'  
'EPR-D','NYSE'  
'EPR-E','NYSE'  
'EVC','NYSE'    
'ENV','NYSE'    
'ENZ','NYSE'    
'EOG','NYSE'    
'EQT','NYSE'    
'EQU','NYSE'    
'EFX','NYSE'    
'ELS','NYSE'    
'ELS-A','NYSE'  
'EQY','NYSE'    
'EQR','NYSE'    
'EQR-N','NYSE'  
'EQS','NYSE'    
'ESE','NYSE'    
'ESS','NYSE'    
'ESS-H','NYSE'  
'EL','NYSE'     
'ESL','NYSE'    
'DEG','NYSE'    
'ETH','NYSE'    
'EEA','NYSE'    
'EVR','NYSE'    
'RE','NYSE'     
'RE-B','NYSE'   
'EXAM','NYSE'   
'EXM','NYSE'    
'EXL','NYSE'    
'XCO','NYSE'    
'EXC','NYSE'    
'EXPR','NYSE'   
'EXH','NYSE'    
'EXR','NYSE'    
'XOM','NYSE'    
'FNB','NYSE'    
'FN','NYSE'     
'FDS','NYSE'    
'FICO','NYSE'   
'FCS','NYSE'    
'FDO','NYSE'    
'FFG','NYSE'    
'AGM','NYSE'    
'AGM-A','NYSE'  
'FRT','NYSE'    
'FSS','NYSE'    
'FTT','NYSE'    
'FII','NYSE'    
'FPT','NYSE'    
'FMN','NYSE'    
'FDX','NYSE'    
'ADY','NYSE'    
'FCH','NYSE'    
'FCH-A','NYSE'  
'FCH-C','NYSE'  
'FGP','NYSE'    
'FOE','NYSE'    
'FBR','NYSE'    
'FNF','NYSE'    
'FIS','NYSE'    
'FMO','NYSE'    
'FTB-A','NYSE'  
'FTB-B','NYSE'  
'FAF','NYSE'    
'FBP','NYSE'    
'FBP-A','NYSE'  
'FBP-B','NYSE'  
'FBP-C','NYSE'  
'FBP-D','NYSE'  
'FBP-E','NYSE'  
'FBS-A','NYSE'  
'FCF','NYSE'    
'FR','NYSE'     
'FR-J','NYSE'   
'FR-K','NYSE'   
'AG','NYSE'     
'FMD','NYSE'    
'FPO','NYSE'    
'FPO-A','NYSE'  
'FRC','NYSE'    
'FHN','NYSE'    
'FFA','NYSE'    
'FMY','NYSE'    
'FAV','NYSE'    
'FIF','NYSE'    
'FSD','NYSE'    
'FCT','NYSE'    
'FGB','NYSE'    
'FHY','NYSE'    
'FEO','NYSE'    
'FAM','NYSE'    
'FUR','NYSE'    
'FE','NYSE'     
'FVE','NYSE'    
'FBC','NYSE'    
'FSR','NYSE'    
'PFD','NYSE'    
'PFO','NYSE'    
'FFC','NYSE'    
'FLC','NYSE'    
'FBF-M','NYSE'  
'FBF-N','NYSE'  
'FLT','NYSE'    
'FTK','NYSE'    
'FLO','NYSE'    
'FLS','NYSE'    
'FLR','NYSE'    
'FLY','NYSE'    
'FMC','NYSE'    
'FTI','NYSE'    
'FMX','NYSE'    
'FL','NYSE'     
'F','NYSE'      
'F-WS','NYSE'   
'F-A','NYSE'    
'FCE-A','NYSE'  
'FCE-B','NYSE'  
'FCY','NYSE'    
'FRX','NYSE'    
'FST','NYSE'    
'FOR','NYSE'    
'FDI','NYSE'    
'FRF','NYSE'    
'FIG','NYSE'    
'FSM','NYSE'    
'FGC','NYSE'    
'FGE','NYSE'    
'FTE','NYSE'    
'FNV','NYSE'    
'FC','NYSE'     
'BEN','NYSE'    
'FT','NYSE'     
'FCX','NYSE'    
'FSL','NYSE'    
'FMS','NYSE'    
'FMS-','NYSE'   
'FDP','NYSE'    
'FTR','NYSE'    
'FRO','NYSE'    
'FCN','NYSE'    
'FRM','NYSE'    
'FBN','NYSE'    
'FIO','NYSE'    
'FF','NYSE'     
'FXCM','NYSE'   
'GCV','NYSE'    
'GCV-B','NYSE'  
'GDV','NYSE'    
'GDV-A','NYSE'  
'GDV-D','NYSE'  
'GAB','NYSE'    
'GAB-D','NYSE'  
'GAB-F','NYSE'  
'GGT','NYSE'    
'GGT-B','NYSE'  
'GNT','NYSE'    
'GUT','NYSE'    
'GUT-A','NYSE'  
'GFA','NYSE'    
'GCAP','NYSE'   
'GBL','NYSE'    
'GME','NYSE'    
'GCI','NYSE'    
'GPS','NYSE'    
'GDI','NYSE'    
'IT','NYSE'     
'GMT','NYSE'    
'GMT-','NYSE'   
'GET','NYSE'    
'GNK','NYSE'    
'GY','NYSE'     
'GNRC','NYSE'   
'GAM','NYSE'    
'GAM-B','NYSE'  
'BGC','NYSE'    
'GD','NYSE'     
'GEA','NYSE'    
'GEC','NYSE'    
'GED','NYSE'    
'GEG','NYSE'    
'GEJ','NYSE'    
'GEP','NYSE'    
'GER','NYSE'    
'GE','NYSE'     
'GE-A','NYSE'   
'GGP','NYSE'    
'GIS','NYSE'    
'GM','NYSE'     
'GM-WS-A','NYSE'
'GM-WS-B','NYSE'
'GM-B','NYSE'   
'GSI','NYSE'    
'GCO','NYSE'    
'GWR','NYSE'    
'GEL','NYSE'    
'GEN      
'G','NYSE'      
'GPC','NYSE'    
'GNW','NYSE'    
'GEO','NYSE'    
'GGC','NYSE'    
'GAR','NYSE'    
'GAT','NYSE'    
'GPE-A','NYSE'  
'GGB','NYSE'    
'GTY','NYSE'    
'GFIG','NYSE'   
'GA','NYSE'     
'GIL','NYSE'    
'GLAD-A','NYSE' 
'GLT','NYSE'    
'GSK','NYSE'    
'GRT','NYSE'    
'GRT-F','NYSE'  
'GRT-G','NYSE'  
'GCA','NYSE'    
'GGS','NYSE'    
'GHI','NYSE'    
'GCF','NYSE'    
'GLP','NYSE'    
'GPN','NYSE'    
'GSL','NYSE'    
'ALLY-A','NYSE' 
'ALLY-B','NYSE' 
'GJM','NYSE'    
'GKM','NYSE'    
'GMA','NYSE'    
'GOM','NYSE'    
'GMXR','NYSE'   
'GMXR-','NYSE'  
'GNC','NYSE'    
'GOL','NYSE'    
'GFI','NYSE'    
'GG','NYSE'     
'GS','NYSE'     
'GS-A','NYSE'   
'GS-B','NYSE'   
'GS-C','NYSE'   
'GS-D','NYSE'   
'GSF','NYSE'    
'GSJ','NYSE'    
'TFG','NYSE'    
'GR','NYSE'     
'GDP','NYSE'    
'GT','NYSE'     
'GT-A','NYSE'   
'GOV','NYSE'    
'IRE','NYSE'    
'GPX','NYSE'    
'GGG','NYSE'    
'GTI','NYSE'    
'GKK','NYSE'    
'GKK-A','NYSE'  
'GVA','NYSE'    
'GPK','NYSE'    
'GTN','NYSE'    
'GTN-A','NYSE'  
'GNI','NYSE'    
'GXP','NYSE'    
'GXP-A','NYSE'  
'GXP-D','NYSE'  
'GXP-E','NYSE'  
'GXP-F','NYSE'  
'GB','NYSE'     
'GCH','NYSE'    
'GDOT','NYSE'   
'GBX','NYSE'    
'GHL','NYSE'    
'GEF','NYSE'    
'GEF-B','NYSE'  
'GFF','NYSE'    
'GPI','NYSE'    
'GBE','NYSE'    
'GMK','NYSE'    
'PAC','NYSE'    
'ASR','NYSE'    
'SAB','NYSE'    
'RC','NYSE'     
'TV','NYSE'     
'TMM','NYSE'    
'GSH','NYSE'    
'GES','NYSE'    
'GBAB','NYSE'   
'GPM','NYSE'    
'GGE','NYSE'    
'GEQ','NYSE'    
'GOF','NYSE'    
'GUA','NYSE'    
'GUL','NYSE'    
'GLF','NYSE'    
'GU','NYSE'     
'HQH','NYSE'    
'HQL','NYSE'    
'HRB','NYSE'    
'FUL','NYSE'    
'HNZ','NYSE'    
'HNZ-','NYSE'   
'HAE','NYSE'    
'HAL','NYSE'    
'HBI','NYSE'    
'HGR','NYSE'    
'HRG','NYSE'    
'HOG','NYSE'    
'HAR','NYSE'    
'HMY','NYSE'    
'HRS','NYSE'    
'HWD','NYSE'    
'HSC','NYSE'    
'HHS','NYSE'    
'HIG','NYSE'    
'HIG-WS','NYSE' 
'HIG-A','NYSE'  
'HNR','NYSE'    
'HTS','NYSE'    
'HVT','NYSE'    
'HVT-A','NYSE'  
'HE','NYSE'     
'HE-U','NYSE'   
'HCA','NYSE'    
'HCC','NYSE'    
'HCP','NYSE'    
'HCP-E','NYSE'  
'HCP-F','NYSE'  
'HDB','NYSE'    
'HW','NYSE'     
'HCN','NYSE'    
'HCN-D','NYSE'  
'HCN-F','NYSE'  
'HCN-I','NYSE'  
'HMA','NYSE'    
'HNT','NYSE'    
'HR','NYSE'     
'HLS','NYSE'    
'HS','NYSE'     
'HPY','NYSE'    
'HEK','NYSE'    
'HL','NYSE'     
'HL-B','NYSE'   
'HEI','NYSE'    
'HEI-A','NYSE'  
'HAV','NYSE'    
'HIH','NYSE'    
'HHY','NYSE'    
'HMH','NYSE'    
'HSA','NYSE'    
'HLX','NYSE'    
'HP','NYSE'     
'HLF','NYSE'    
'HT','NYSE'     
'HT-A','NYSE'   
'HT-B','NYSE'   
'HSY','NYSE'    
'HTZ','NYSE'    
'HES','NYSE'    
'HPQ','NYSE'    
'HXL','NYSE'    
'HF','NYSE'     
'HGG','NYSE'    
'ONE      
'HCF','NYSE'    
'HIW','NYSE'    
'HIL','NYSE'    
'HI','NYSE'     
'HRC','NYSE'    
'HTH','NYSE'    
'HIT','NYSE'    
'HEP','NYSE'    
'HFC','NYSE'    
'HD','NYSE'     
'HME','NYSE'    
'HNI','NYSE'    
'HMC','NYSE'    
'HON','NYSE'    
'HMN','NYSE'    
'HRL','NYSE'    
'HOS','NYSE'    
'HSP','NYSE'    
'HPT','NYSE'    
'HPT-B','NYSE'  
'HPT-C','NYSE'  
'HST','NYSE'    
'HSBC-B','NYSE' 
'HOV','NYSE'    
'HOVU','NYSE'   
'HHC','NYSE'    
'HBC','NYSE'    
'HBC-','NYSE'   
'HBC-A','NYSE'  
'HCS','NYSE'    
'HCS-B','NYSE'  
'HBA-D','NYSE'  
'HBA-F','NYSE'  
'HBA-G','NYSE'  
'HBA-H','NYSE'  
'HBA-Z','NYSE'  
'HNP','NYSE'    
'HUB-A','NYSE'  
'HUB-B','NYSE'  
'HBM','NYSE'    
'HPP','NYSE'    
'HPP-B','NYSE'  
'HVB','NYSE'    
'HGT','NYSE'    
'HUM','NYSE'    
'HII','NYSE'    
'HUN','NYSE'    
'H','NYSE'      
'HDY','NYSE'    
'HTR','NYSE'    
'HSM','NYSE'    
'IAG','NYSE'    
'IEP','NYSE'    
'IBN','NYSE'    
'IDA','NYSE'    
'IEX','NYSE'    
'GNE','NYSE'    
'IDT','NYSE'    
'CTC','NYSE'    
'IHS','NYSE'    
'ITW','NYSE'    
'IMN','NYSE'    
'IMAX','NYSE'   
'IFT','NYSE'    
'IMPV','NYSE'   
'IHC','NYSE'    
'IFN','NYSE'    
'IBA','NYSE'    
'NRGY','NYSE'   
'IAE','NYSE'    
'IHD','NYSE'    
'IGA','NYSE'    
'IGD','NYSE'    
'IDG','NYSE'    
'IGK','NYSE'    
'IND','NYSE'    
'ING','NYSE'    
'INZ','NYSE'    
'ISF','NYSE'    
'ISG','NYSE'    
'ISP','NYSE'    
'IDE','NYSE'    
'IID','NYSE'    
'PPR','NYSE'    
'IRR','NYSE'    
'IR','NYSE'     
'IM','NYSE'     
'IRC','NYSE'    
'IRC-A','NYSE'  
'IPHI','NYSE'   
'NSP','NYSE'    
'TEG','NYSE'    
'IHG','NYSE'    
'ICE','NYSE'    
'IBI','NYSE'    
'IFF','NYSE'    
'IBM','NYSE'    
'IGT','NYSE'    
'IP','NYSE'     
'IRF','NYSE'    
'ISH','NYSE'    
'IOC','NYSE'    
'IPG','NYSE'    
'IPL-B','NYSE'  
'INXN','NYSE'   
'IL','NYSE'     
'IPI','NYSE'    
'IVC','NYSE'    
'INVN','NYSE'   
'IIC','NYSE'    
'IQC','NYSE'    
'MSY','NYSE'    
'ICS','NYSE'    
'IMC','NYSE'    
'IIM','NYSE'    
'IMS','NYSE'    
'IMT','NYSE'    
'IVR','NYSE'    
'OIA','NYSE'    
'OIB','NYSE'    
'OIC','NYSE'    
'PIA','NYSE'    
'IQN','NYSE'    
'IVZ','NYSE'    
'IQI','NYSE'    
'IQT','NYSE'    
'IQM','NYSE'    
'VBF','NYSE'    
'VCV','NYSE'    
'VTA','NYSE'    
'VLT','NYSE'    
'VMO','NYSE'    
'VKQ','NYSE'    
'VOQ','NYSE'    
'VPV','NYSE'    
'VVR','NYSE'    
'VTN','NYSE'    
'VIM','NYSE'    
'VGM','NYSE'    
'VTJ','NYSE'    
'ITG','NYSE'    
'IO','NYSE'     
'IRL','NYSE'    
'IRM','NYSE'    
'IRS','NYSE'    
'ISS','NYSE'    
'SFI','NYSE'    
'SFI-D','NYSE'  
'SFI-E','NYSE'  
'SFI-F','NYSE'  
'SFI-G','NYSE'  
'SFI-I','NYSE'  
'ITUB','NYSE'   
'ITC','NYSE'    
'ITT','NYSE'    
'XLS','NYSE'    
'XYL','NYSE'    
'ESI','NYSE'    
'IVN','NYSE'    
'JPM','NYSE'    
'JPM-WS','NYSE' 
'JPM-B','NYSE'  
'JPM-C','NYSE'  
'JPM-I','NYSE'  
'JPM-J','NYSE'  
'JPM-K','NYSE'  
'JPM-O','NYSE'  
'JPM-P','NYSE'  
'JPM-S','NYSE'  
'JPM-W','NYSE'  
'JPM-X','NYSE'  
'JPM-Y','NYSE'  
'JPM-Z','NYSE'  
'JCP','NYSE'    
'SJM','NYSE'    
'JBL','NYSE'    
'JEC','NYSE'    
'JAG','NYSE'    
'JHX','NYSE'    
'JNS','NYSE'    
'JEQ','NYSE'    
'JOF','NYSE'    
'JAH','NYSE'    
'JEF','NYSE'    
'JFC','NYSE'    
'JKS','NYSE'    
'JMP','NYSE'    
'JBT','NYSE'    
'BTO','NYSE'    
'HEQ','NYSE'    
'JHS','NYSE'    
'JHI','NYSE'    
'HPF','NYSE'    
'HPI','NYSE'    
'HPS','NYSE'    
'PDT','NYSE'    
'HTD','NYSE'    
'HTY','NYSE'    
'JW-A','NYSE'   
'JW-B','NYSE'   
'JNJ','NYSE'    
'JCI','NYSE'    
'JCI-Z','NYSE'  
'JNY','NYSE'    
'JLL','NYSE'    
'JRN','NYSE'    
'JNPR','NYSE'   
'LRN','NYSE'    
'KAI','NYSE'    
'KSU','NYSE'    
'KSU-','NYSE'   
'KS','NYSE'     
'KAR','NYSE'    
'KDN','NYSE'    
'KED','NYSE'    
'KYE','NYSE'    
'KMF','NYSE'    
'KYN','NYSE'    
'KYN-D','NYSE'  
'KB','NYSE'     
'KBH','NYSE'    
'KBR','NYSE'    
'KBW','NYSE'    
'K','NYSE'      
'KEM','NYSE'    
'KMPR','NYSE'   
'KNXA','NYSE'   
'KMT','NYSE'    
'KW','NYSE'     
'KCP','NYSE'    
'KEG','NYSE'    
'KEY','NYSE'    
'KEY-E-CL'
'KEY-F','NYSE'  
'KEY-G','NYSE'  
'KID','NYSE'    
'KRC','NYSE'    
'KRC-E','NYSE'  
'KRC-F','NYSE'  
'KMB','NYSE'    
'KIM','NYSE'    
'KIM-F','NYSE'  
'KIM-G','NYSE'  
'KIM-H','NYSE'  
'KMP','NYSE'    
'KMR','NYSE'    
'KMI','NYSE'    
'KND','NYSE'    
'KFS','NYSE'    
'KGC','NYSE'    
'KEX','NYSE'    
'KRG','NYSE'    
'KRG-A','NYSE'  
'KKR','NYSE'    
'KFH','NYSE'    
'KFN','NYSE'    
'KCG','NYSE'    
'KNX','NYSE'    
'KNL','NYSE'    
'KOG','NYSE'    
'KSS','NYSE'    
'KNM','NYSE'    
'PHG','NYSE'    
'KOP','NYSE'    
'KEP','NYSE'    
'KEF','NYSE'    
'KF','NYSE'     
'KT','NYSE'     
'KFY','NYSE'    
'KOS','NYSE'    
'KFT','NYSE'    
'KRA','NYSE'    
'KKD','NYSE'    
'KR','NYSE'     
'KRO','NYSE'    
'KUB','NYSE'    
'KV-A','NYSE'   
'KV-B','NYSE'   
'KYO','NYSE'    
'SCX','NYSE'    
'LLL','NYSE'    
'LH','NYSE'     
'LG','NYSE'     
'LFL','NYSE'    
'LDR','NYSE'    
'LVS','NYSE'    
'LHO','NYSE'    
'LHO-D','NYSE'  
'LHO-E','NYSE'  
'LHO-G','NYSE'  
'LHO-H','NYSE'  
'LDF','NYSE'    
'LGI','NYSE'    
'LAZ','NYSE'    
'LOR','NYSE'    
'LZB','NYSE'    
'LDK','NYSE'    
'LF','NYSE'     
'LEA','NYSE'    
'LEE','NYSE'    
'LM','NYSE'     
'LEG','NYSE'    
'JZT','NYSE'    
'CVB','NYSE'    
'CWZ','NYSE'    
'HYH','NYSE'    
'HYK','NYSE'    
'HYL','NYSE'    
'HYM','NYSE'    
'JBJ','NYSE'    
'JBK','NYSE'    
'JBO','NYSE'    
'JZC','NYSE'    
'JZH','NYSE'    
'JZJ','NYSE'    
'JZK','NYSE'    
'JZL','NYSE'    
'JZS','NYSE'    
'JZV','NYSE'    
'KCC','NYSE'    
'KCW','NYSE'    
'KNO','NYSE'    
'KNR','NYSE'    
'KRJ','NYSE'    
'KSA','NYSE'    
'KSK','NYSE'    
'KTH','NYSE'    
'KTN','NYSE'    
'KTP','NYSE'    
'XFD','NYSE'    
'XFH','NYSE'    
'XFP','NYSE'    
'XFR','NYSE'    
'XKE','NYSE'    
'XKK','NYSE'    
'XKN','NYSE'    
'XKO','NYSE'    
'XVG','NYSE'    
'JBI','NYSE'    
'LPS','NYSE'    
'LEN','NYSE'    
'LEN-B','NYSE'  
'LII','NYSE'    
'LAS','NYSE'    
'LUK','NYSE'    
'LVLT','NYSE'   
'LXP','NYSE'    
'LXP-B','NYSE'  
'LXP-C','NYSE'  
'LXP-D','NYSE'  
'LXK','NYSE'    
'LPL','NYSE'    
'FAC','NYSE'    
'USA','NYSE'    
'ASG','NYSE'    
'LRY','NYSE'    
'LTM','NYSE'    
'LTD','NYSE'    
'TVL','NYSE'    
'LNC','NYSE'    
'LNC-WS','NYSE' 
'LNC-','NYSE'   
'LNN','NYSE'    
'LNKD','NYSE'   
'LGF','NYSE'    
'LAD','NYSE'    
'LYV','NYSE'    
'LIZ','NYSE'    
'LYG','NYSE'    
'LYG-A','NYSE'  
'SCD','NYSE'    
'TLI','NYSE'    
'RIT','NYSE'    
'LMT','NYSE'    
'L','NYSE'      
'LPR','NYSE'    
'LO','NYSE'     
'LPX','NYSE'    
'LOW','NYSE'    
'LRE','NYSE'    
'LXU','NYSE'    
'LSI','NYSE'    
'LTC','NYSE'    
'LUB','NYSE'    
'LL','NYSE'     
'LUX','NYSE'    
'LDL','NYSE'    
'LYB','NYSE'    
'MFW','NYSE'    
'MTB','NYSE'    
'MTB-A','NYSE'  
'MDC','NYSE'    
'MHO','NYSE'    
'MHO-A','NYSE'  
'MAC','NYSE'    
'TUC','NYSE'    
'CLI','NYSE'    
'MGU','NYSE'    
'MIC','NYSE'    
'MFD','NYSE'    
'M','NYSE'      
'MSP','NYSE'    
'MCN','NYSE'    
'MMP','NYSE'    
'MGA','NYSE'    
'MX','NYSE'     
'MAG','NYSE'    
'MHR','NYSE'    
'MTE','NYSE'    
'MHNA','NYSE'   
'MFB','NYSE'    
'MAIN','NYSE'   
'MAY','NYSE'    
'MAY-WD','NYSE' 
'MZF','NYSE'    
'HYF','NYSE'    
'MTW','NYSE'    
'MN','NYSE'     
'MAN','NYSE'    
'MFC','NYSE'    
'MRO','NYSE'    
'MPC','NYSE'    
'MCS','NYSE'    
'MPX','NYSE'    
'HZO','NYSE'    
'MKL','NYSE'    
'MKV','NYSE'    
'MWE','NYSE'    
'MAR','NYSE'    
'VAC','NYSE'    
'MMC','NYSE'    
'MSO','NYSE'    
'MLM','NYSE'    
'MAS','NYSE'    
'MCI','NYSE'    
'MPV','NYSE'    
'MTZ','NYSE'    
'MA','NYSE'     
'MTRN','NYSE'   
'MLP','NYSE'    
'MXT','NYSE'    
'MMS','NYSE'    
'MXL','NYSE'    
'MBI','NYSE'    
'KRB-D','NYSE'  
'KRB-E','NYSE'  
'MNI','NYSE'    
'MKC','NYSE'    
'MKC-V','NYSE'  
'MDR','NYSE'    
'MCD','NYSE'    
'MHP','NYSE'    
'MCK','NYSE'    
'MMR','NYSE'    
'MDU','NYSE'    
'MJN','NYSE'    
'MIG','NYSE'    
'MWV','NYSE'    
'MTL','NYSE'    
'MTL-','NYSE'   
'MHS','NYSE'    
'MEG','NYSE'    
'MPW','NYSE'    
'MRX','NYSE'    
'MED','NYSE'    
'MCC','NYSE'    
'MD','NYSE'     
'MDT','NYSE'    
'WFR','NYSE'    
'MW','NYSE'     
'MRK','NYSE'    
'MCY','NYSE'    
'MDP','NYSE'    
'MTH','NYSE'    
'MTOR','NYSE'   
'MER-D','NYSE'  
'MER-E','NYSE'  
'MER-F','NYSE'  
'MER-K','NYSE'  
'MER-M','NYSE'  
'MER-P','NYSE'  
'CPP','NYSE'    
'FJA','NYSE'    
'PIJ','NYSE'    
'PIS','NYSE'    
'PIY','NYSE'    
'PJR','NYSE'    
'PKH','NYSE'    
'PKJ','NYSE'    
'PKK','NYSE'    
'PYY','NYSE'    
'PZB','NYSE'    
'MTR','NYSE'    
'MSB','NYSE'    
'MUSA','NYSE'   
'MEI','NYSE'    
'MET','NYSE'    
'MET-A','NYSE'  
'MET-B','NYSE'  
'MLG','NYSE'    
'MLU','NYSE'    
'MPR','NYSE'    
'PCS','NYSE'    
'MDF','NYSE'    
'MTD','NYSE'    
'MXE','NYSE'    
'MXE-','NYSE'   
'MXF','NYSE'    
'MIL','NYSE'    
'MCR','NYSE'    
'MGF','NYSE'    
'MIN','NYSE'    
'MMT','NYSE'    
'MFM','NYSE'    
'MFV','NYSE'    
'MTG','NYSE'    
'MGM','NYSE'    
'MIM','NYSE'    
'MAA','NYSE'    
'MDS','NYSE'    
'MILL','NYSE'   
'MLR','NYSE'    
'MR','NYSE'     
'MSA','NYSE'    
'MTX','NYSE'    
'MP-D','NYSE'   
'MPJ','NYSE'    
'MG','NYSE'     
'MTU','NYSE'    
'MFG','NYSE'    
'MTP','NYSE'    
'MBT','NYSE'    
'MOD','NYSE'    
'MHK','NYSE'    
'MOH','NYSE'    
'TAP','NYSE'    
'TAP-A','NYSE'  
'MCP','NYSE'    
'MCP-A','NYSE'  
'MGI','NYSE'    
'MNR','NYSE'    
'MNR-A','NYSE'  
'MON','NYSE'    
'MWW','NYSE'    
'MTS','NYSE'    
'MRH','NYSE'    
'MRH-A','NYSE'  
'MCO','NYSE'    
'MOG-A','NYSE'  
'MOG-B','NYSE'  
'MS','NYSE'     
'MS-A','NYSE'   
'MSJ','NYSE'    
'MSK','NYSE'    
'MSZ','NYSE'    
'MWG','NYSE'    
'MWO','NYSE'    
'MWR','NYSE'    
'APF','NYSE'    
'CAF','NYSE'    
'RNE','NYSE'    
'MSD','NYSE'    
'EDD','NYSE'    
'MSF','NYSE'    
'FFD','NYSE'    
'IIF','NYSE'    
'MRT','NYSE'    
'MRT-A','NYSE'  
'MOS','NYSE'    
'MMI','NYSE'    
'MSI','NYSE'    
'MOV','NYSE'    
'MPG','NYSE'    
'MPG-A','NYSE'  
'ICB','NYSE'    
'DKP','NYSE'    
'DKQ','NYSE'    
'HJA','NYSE'    
'HJG','NYSE'    
'HJL','NYSE'    
'HJN','NYSE'    
'HJO','NYSE'    
'HJT','NYSE'    
'HJV','NYSE'    
'MJH','NYSE'    
'MKS','NYSE'    
'HJJ','NYSE'    
'HJR','NYSE'    
'MSM','NYSE'    
'MSCI','NYSE'   
'MLI','NYSE'    
'MWA','NYSE'    
'MUR','NYSE'    
'MVO','NYSE'    
'MVC','NYSE'    
'MYE','NYSE'    
'NBR','NYSE'    
'NC','NYSE'     
'NTE','NYSE'    
'NBG','NYSE'    
'NBG-A','NYSE'  
'NCC-B','NYSE'  
'NCC-C','NYSE'  
'NFP','NYSE'    
'NFG','NYSE'    
'NGG','NYSE'    
'NHI','NYSE'    
'NPK','NYSE'    
'NNN','NYSE'    
'NNN-C','NYSE'  
'NRC','NYSE'    
'NRU','NYSE'    
'SID','NYSE'    
'NOV','NYSE'    
'NW-C','NYSE'   
'NGS','NYSE'    
'NRP','NYSE'    
'NTZ','NYSE'    
'NLS','NYSE'    
'NCI','NYSE'    
'NNA','NYSE'    
'NNA-U','NYSE'  
'NNA-WS','NYSE' 
'NM','NYSE'     
'NMM','NYSE'    
'NAV','NYSE'    
'NAV-D','NYSE'  
'NCS','NYSE'    
'NCR','NYSE'    
'NP','NYSE'     
'NNI','NYSE'    
'NPTN','NYSE'   
'NQ','NYSE'     
'N','NYSE'      
'NSR','NYSE'    
'HYB','NYSE'    
'GF','NYSE'     
'NMFC','NYSE'   
'EDU','NYSE'    
'NWY','NYSE'    
'NYB','NYSE'    
'NYB-U','NYSE'  
'NYT','NYSE'    
'NCT','NYSE'    
'NCT-B','NYSE'  
'NCT-C','NYSE'  
'NCT-D','NYSE'  
'NWL','NYSE'    
'NFX','NYSE'    
'NJR','NYSE'    
'NEU','NYSE'    
'NEM','NYSE'    
'NR','NYSE'     
'NXY','NYSE'    
'NXY-B','NYSE'  
'NEE','NYSE'    
'NEE-C','NYSE'  
'NEE-F','NYSE'  
'NFJ','NYSE'    
'NGL','NYSE'    
'NMK-B','NYSE'  
'NMK-C','NYSE'  
'GAS','NYSE'    
'NJ','NYSE'     
'NLSN','NYSE'   
'NKE','NYSE'    
'NTT','NYSE'    
'NKA','NYSE'    
'NI','NYSE'     
'NL','NYSE'     
'NED','NYSE'    
'NOAH','NYSE'   
'NE','NYSE'     
'NBL','NYSE'    
'NOK','NYSE'    
'NMR','NYSE'    
'NOR','NYSE'    
'NAT','NYSE'    
'NDZ','NYSE'    
'JWN','NYSE'    
'NSC','NYSE'    
'NTL','NYSE'    
'NOA','NYSE'    
'NRT','NYSE'    
'NU','NYSE'     
'NOC','NYSE'    
'NRF','NYSE'    
'NRF-A','NYSE'  
'NRF-B','NYSE'  
'NWN','NYSE'    
'NWE','NYSE'    
'NVS','NYSE'    
'NVO','NYSE'    
'NRG','NYSE'    
'NST','NYSE'    
'DCM','NYSE'    
'NUS','NYSE'    
'NUE','NYSE'    
'NS','NYSE'     
'NSH','NYSE'    
'NKR-C','NYSE'  
'NXE-C','NYSE'  
'NAZ','NYSE'    
'NBB','NYSE'    
'NBD','NYSE'    
'NAC','NYSE'    
'NVX-A','NYSE'  
'NVX-C','NYSE'  
'NZH-A','NYSE'  
'NZH-B','NYSE'  
'NZH-C','NYSE'  
'NQC','NYSE'    
'NCO','NYSE'    
'NCA','NYSE'    
'NCP','NYSE'    
'NCU-C','NYSE'  
'NUC','NYSE'    
'NVC','NYSE'    
'NFC-C','NYSE'  
'NGK-C','NYSE'  
'NGO-C','NYSE'  
'NTC','NYSE'    
'NTC-C','NYSE'  
'NTC-D','NYSE'  
'JCE','NYSE'    
'JDD','NYSE'    
'NAD','NYSE'    
'NAD-C','NYSE'  
'NZF-C','NYSE'  
'JMF','NYSE'    
'NEV','NYSE'    
'JLA','NYSE'    
'JPG','NYSE'    
'JPZ','NYSE'    
'JSN','NYSE'    
'JFR','NYSE'    
'JRO','NYSE'    
'NKG-C','NYSE'  
'NPG-C','NYSE'  
'JGG','NYSE'    
'JGV','NYSE'    
'NPC','NYSE'    
'NCL','NYSE'    
'NXC','NYSE'    
'NVG-C','NYSE'  
'NGX-C','NYSE'  
'NIO','NYSE'    
'NNF','NYSE'    
'NXN','NYSE'    
'NRK-C','NYSE'  
'NPX','NYSE'    
'NQI','NYSE'    
'NEA-C','NYSE'  
'NQM','NYSE'    
'NFM-C','NYSE'  
'NZR-C','NYSE'  
'NWI-C','NYSE'  
'NWI-D','NYSE'  
'NMY','NYSE'    
'NMY-C','NYSE'  
'NMY-D','NYSE'  
'NMT','NYSE'    
'NMT-C','NYSE'  
'NMT-D','NYSE'  
'NMP','NYSE'    
'NUM','NYSE'    
'NOM-C','NYSE'  
'JLS','NYSE'    
'JGT','NYSE'    
'NMA','NYSE'    
'NMD','NYSE'    
'NMI','NYSE'    
'NMO','NYSE'    
'NUV','NYSE'    
'NUW','NYSE'    
'NXJ-A','NYSE'  
'NUJ-C','NYSE'  
'NQJ','NYSE'    
'NNJ','NYSE'    
'NAN','NYSE'    
'NAN-C','NYSE'  
'NAN-D','NYSE'  
'NXK-C','NYSE'  
'NQN','NYSE'    
'NNY','NYSE'    
'NNP','NYSE'    
'NUN','NYSE'    
'NVN','NYSE'    
'NRB-C','NYSE'  
'NNO-C','NYSE'  
'NII-C','NYSE'  
'NNC','NYSE'    
'NNC-C','NYSE'  
'NNC-D','NYSE'  
'NXI-C','NYSE'  
'NUO','NYSE'    
'NXM-C','NYSE'  
'NVY-C','NYSE'  
'NQP','NYSE'    
'NPY','NYSE'    
'NPP','NYSE'    
'JPC','NYSE'    
'JQC','NYSE'    
'NIF','NYSE'    
'NPF','NYSE'    
'NPM','NYSE'    
'NPT','NYSE'    
'NPI','NYSE'    
'NQU','NYSE'    
'JTP','NYSE'    
'JPS','NYSE'    
'JHP','NYSE'    
'NIM','NYSE'    
'NQS','NYSE'    
'NXP','NYSE'    
'NXQ','NYSE'    
'NXR','NYSE'    
'NSL','NYSE'    
'JSD','NYSE'    
'JTD','NYSE'    
'JTA','NYSE'    
'NTX','NYSE'    
'NTX-C','NYSE'  
'NGB-C','NYSE'  
'NNB-C','NYSE'  
'NPV','NYSE'    
'NPV-A','NYSE'  
'NPV-C','NYSE'  
'JMT','NYSE'    
'NVE','NYSE'    
'NVR','NYSE'    
'NYX','NYSE'    
'OAS','NYSE'    
'OXY','NYSE'    
'OII','NYSE'    
'OZM','NYSE'    
'OCN','NYSE'    
'ODP','NYSE'    
'OMX','NYSE'    
'OGE','NYSE'    
'OIS','NYSE'    
'ODC','NYSE'    
'OILT','NYSE'   
'ONB','NYSE'    
'ORI','NYSE'    
'OLN','NYSE'    
'OMG','NYSE'    
'OHI','NYSE'    
'OME','NYSE'    
'OCR','NYSE'    
'OCR-A','NYSE'  
'OCR-B','NYSE'  
'OMC','NYSE'    
'OMN','NYSE'    
'OLP','NYSE'    
'OB','NYSE'     
'OKS','NYSE'    
'OKE','NYSE'    
'VIP','NYSE'    
'OPK','NYSE'    
'OPY','NYSE'    
'ORB','NYSE'    
'OWW','NYSE'    
'OFG','NYSE'    
'OFG-A','NYSE'  
'OFG-B','NYSE'  
'OEH','NYSE'    
'ORN','NYSE'    
'IX','NYSE'     
'ORA','NYSE'    
'OSK','NYSE'    
'OSG','NYSE'    
'OMI','NYSE'    
'OC','NYSE'     
'OC-WS-B','NYSE'
'OI','NYSE'     
'OXM','NYSE'    
'OXF','NYSE'    
'TLK','NYSE'    
'PNG','NYSE'    
'PAI','NYSE'    
'PACD','NYSE'   
'PCG','NYSE'    
'PKG','NYSE'    
'PLL','NYSE'    
'PAM','NYSE'    
'PC','NYSE'     
'P','NYSE'      
'PHX','NYSE'    
'PAR','NYSE'    
'PRGN','NYSE'   
'PKE','NYSE'    
'PKD','NYSE'    
'PH','NYSE'     
'PKY','NYSE'    
'PKY-D','NYSE'  
'PRE','NYSE'    
'PRE-C','NYSE'  
'PRE-D','NYSE'  
'PRE-E','NYSE'  
'PTI','NYSE'    
'PCX','NYSE'    
'BTU','NYSE'    
'PSO','NYSE'    
'PEB','NYSE'    
'PEB-A','NYSE'  
'PEB-B','NYSE'  
'PE-A','NYSE'   
'PE-B','NYSE'   
'PE-C','NYSE'   
'PE-D','NYSE'   
'PGH','NYSE'    
'PVA','NYSE'    
'PVR','NYSE'    
'PWE','NYSE'    
'PEI','NYSE'    
'PMT','NYSE'    
'PAG','NYSE'    
'PNR','NYSE'    
'PBY','NYSE'    
'PEP','NYSE'    
'PKI','NYSE'    
'PBT','NYSE'    
'PZE','NYSE'    
'PTR','NYSE'    
'PBR','NYSE'    
'PBR-A','NYSE'  
'PEO','NYSE'    
'PQ','NYSE'     
'PFE','NYSE'    
'PRX','NYSE'    
'PMC','NYSE'    
'PHH','NYSE'    
'PM','NYSE'     
'PHI','NYSE'    
'PFX','NYSE'    
'PNX','NYSE'    
'FENG','NYSE'   
'PNY','NYSE'    
'PDM','NYSE'    
'PIR','NYSE'    
'PIKE','NYSE'   
'PPC','NYSE'    
'PCQ','NYSE'    
'PCK','NYSE'    
'PZC','NYSE'    
'PCM','NYSE'    
'PCN','NYSE'    
'PTY','NYSE'    
'PGP','NYSE'    
'PHK','NYSE'    
'PKO','NYSE'    
'PFL','NYSE'    
'PFN','NYSE'    
'PMF','NYSE'    
'PML','NYSE'    
'PMX','NYSE'    
'PNF','NYSE'    
'PNI','NYSE'    
'PYN','NYSE'    
'PNK','NYSE'    
'PNW','NYSE'    
'PHD','NYSE'    
'PHT','NYSE'    
'MAV','NYSE'    
'MHI','NYSE'    
'PXD','NYSE'    
'PSE','NYSE'    
'PJC','NYSE'    
'PBI','NYSE'    
'PBI-','NYSE'   
'PAA','NYSE'    
'PXP','NYSE'    
'PLT','NYSE'    
'PTP','NYSE'    
'PCL','NYSE'    
'PNH','NYSE'    
'PNC','NYSE'    
'PNC-WS','NYSE' 
'PNC-L','NYSE'  
'PNU','NYSE'    
'PNM','NYSE'    
'PII','NYSE'    
'POL','NYSE'    
'PPO','NYSE'    
'POR','NYSE'    
'PT','NYSE'     
'PKX','NYSE'    
'PPS','NYSE'    
'PPS-A','NYSE'  
'POT','NYSE'    
'POM','NYSE'    
'PPG','NYSE'    
'PLV','NYSE'    
'PPL','NYSE'    
'PPL-U','NYSE'  
'PPL-W','NYSE'  
'PJI','NYSE'    
'PYA','NYSE'    
'PYB','NYSE'    
'PYC','NYSE'    
'PYG','NYSE'    
'PYJ','NYSE'    
'PYK','NYSE'    
'PYL','NYSE'    
'PYS','NYSE'    
'PYT','NYSE'    
'PYV','NYSE'    
'PX','NYSE'     
'PCP','NYSE'    
'PDS','NYSE'    
'PJA','NYSE'    
'PJL','NYSE'    
'PJS','NYSE'    
'PBH','NYSE'    
'PRI','NYSE'    
'PPP','NYSE'    
'PRD','NYSE'    
'PRS','NYSE'    
'PTGI','NYSE'   
'PFG','NYSE'    
'PFG-B','NYSE'  
'PRA','NYSE'    
'PG','NYSE'     
'FPC-A','NYSE'  
'PGN','NYSE'    
'PGR','NYSE'    
'BIN','NYSE'    
'PRIS','NYSE'   
'PRIS-B','NYSE' 
'PRO','NYSE'    
'PL','NYSE'     
'PL-A','NYSE'   
'PL-B','NYSE'   
'PL-D','NYSE'   
'PL-S','NYSE'   
'PLP','NYSE'    
'PVX','NYSE'    
'PFS','NYSE'    
'PFK','NYSE'    
'PHR','NYSE'    
'PRU','NYSE'    
'PUK','NYSE'    
'PUK-','NYSE'   
'PUK-A','NYSE'  
'PSB','NYSE'    
'PSB-H','NYSE'  
'PSB-I','NYSE'  
'PSB-M','NYSE'  
'PSB-O','NYSE'  
'PSB-P','NYSE'  
'PSB-R','NYSE'  
'IIT','NYSE'    
'PGI','NYSE'    
'PEG','NYSE'    
'PSA','NYSE'    
'PSA-A','NYSE'  
'PSA-C','NYSE'  
'PSA-D','NYSE'  
'PSA-E','NYSE'  
'PSA-F','NYSE'  
'PSA-L','NYSE'  
'PSA-M','NYSE'  
'PSA-N','NYSE'  
'PSA-O','NYSE'  
'PSA-P','NYSE'  
'PSA-Q','NYSE'  
'PSA-R','NYSE'  
'PSA-W','NYSE'  
'PSA-X','NYSE'  
'PSA-Z','NYSE'  
'PULS','NYSE'   
'PHA','NYSE'    
'PHM','NYSE'    
'PCF','NYSE'    
'PMM','NYSE'    
'PIM','NYSE'    
'PMO','NYSE'    
'PPT','NYSE'    
'PVH','NYSE'    
'PZN','NYSE'    
'QEP','NYSE'    
'QXM','NYSE'    
'QIHU','NYSE'   
'QRE','NYSE'    
'QUAD','NYSE'   
'KWR','NYSE'    
'NX','NYSE'     
'PWR','NYSE'    
'QTM','NYSE'    
'DGX','NYSE'    
'STR','NYSE'    
'KWK','NYSE'    
'ZQK','NYSE'    
'CTQ','NYSE'    
'CTW','NYSE'    
'RAX','NYSE'    
'RDN','NYSE'    
'RSH','NYSE'    
'RA','NYSE'     
'RAS','NYSE'    
'RAS-A','NYSE'  
'RAS-B','NYSE'  
'RAS-C','NYSE'  
'RAH','NYSE'    
'RL','NYSE'     
'RPT','NYSE'    
'RPT-D','NYSE'  
'RRC','NYSE'    
'RJF','NYSE'    
'RYN','NYSE'    
'RTN','NYSE'    
'RCS','NYSE'    
'RLD','NYSE'    
'O','NYSE'      
'O-D','NYSE'    
'O-E','NYSE'    
'RHT','NYSE'    
'RLH','NYSE'    
'RLH-A','NYSE'  
'FRZ','NYSE'    
'RWT','NYSE'    
'ENL','NYSE'    
'RUK','NYSE'    
'RBC','NYSE'    
'RGC','NYSE'    
'REG','NYSE'    
'REG-C','NYSE'  
'REG-D','NYSE'  
'REG-E','NYSE'  
'RGP','NYSE'    
'RF','NYSE'     
'RF-Z','NYSE'   
'RGS','NYSE'    
'RGA','NYSE'    
'RS','NYSE'     
'RNR','NYSE'    
'RNR-C','NYSE'  
'RNR-D','NYSE'  
'SOL','NYSE'    
'RENN','NYSE'   
'RNF','NYSE'    
'RSG','NYSE'    
'RMD','NYSE'    
'REN      
'REN-WS','NYSE' 
'RSO','NYSE'    
'REV','NYSE'    
'REX','NYSE'    
'RAI','NYSE'    
'RNO','NYSE'    
'RIO','NYSE'    
'RBA','NYSE'    
'RAD','NYSE'    
'BDF','NYSE'    
'RLI','NYSE'    
'RLJ','NYSE'    
'RRTS','NYSE'   
'RBN','NYSE'    
'RHI','NYSE'    
'RKT','NYSE'    
'ROK','NYSE'    
'COL','NYSE'    
'ROC','NYSE'    
'RCI','NYSE'    
'ROG','NYSE'    
'ROL','NYSE'    
'ROP','NYSE'    
'RST','NYSE'    
'RDC','NYSE'    
'RY','NYSE'     
'RBS','NYSE'    
'RBS-E','NYSE'  
'RBS-F','NYSE'  
'RBS-G','NYSE'  
'RBS-H','NYSE'  
'RBS-I','NYSE'  
'RBS-L','NYSE'  
'RBS-M','NYSE'  
'RBS-N','NYSE'  
'RBS-P','NYSE'  
'RBS-Q','NYSE'  
'RBS-R','NYSE'  
'RBS-S','NYSE'  
'RBS-T','NYSE'  
'RCL','NYSE'    
'RDS-A','NYSE'  
'RDS-B','NYSE'  
'RFO-A','NYSE'  
'RMT','NYSE'    
'RMT-A','NYSE'  
'RVT','NYSE'    
'RVT-B','NYSE'  
'RES','NYSE'    
'RPM','NYSE'    
'RRR','NYSE'    
'RTI','NYSE'    
'RT','NYSE'     
'RDK','NYSE'    
'R','NYSE'      
'RYL','NYSE'    
'SBR','NYSE'    
'SB','NYSE'     
'SFE','NYSE'    
'SWY','NYSE'    
'SAI','NYSE'    
'SKS','NYSE'    
'CRM','NYSE'    
'SMF','NYSE'    
'SBH','NYSE'    
'SJT','NYSE'    
'SD','NYSE'     
'SDT','NYSE'    
'PER','NYSE'    
'SNY','NYSE'    
'SOV-C','NYSE'  
'SAP','NYSE'    
'SPP','NYSE'    
'SLE','NYSE'    
'SAR','NYSE'    
'SSL','NYSE'    
'SHS','NYSE'    
'BFS','NYSE'    
'BFS-A','NYSE'  
'BFS-B','NYSE'  
'SCG','NYSE'    
'SCU','NYSE'    
'SGK','NYSE'    
'WNI','NYSE'    
'SLB','NYSE'    
'SWM','NYSE'    
'STNG','NYSE'   
'SMG','NYSE'    
'SNI','NYSE'    
'LBF','NYSE'    
'KHI','NYSE'    
'KMM','NYSE'    
'KTF','NYSE'    
'KST','NYSE'    
'KSM','NYSE'    
'SBX','NYSE'    
'CKH','NYSE'    
'BOX','NYSE'    
'SDRL','NYSE'   
'SEE','NYSE'    
'ZZ','NYSE'     
'ZZC','NYSE'    
'SSW','NYSE'    
'SSW-C','NYSE'  
'JBN','NYSE'    
'JBR','NYSE'    
'SEM','NYSE'    
'SGZ','NYSE'    
'SEMG','NYSE'   
'SEMG-WS','NYSE'
'SMI','NYSE'    
'SRE','NYSE'    
'ARK','NYSE'    
'SNH','NYSE'    
'ST','NYSE'     
'SXT','NYSE'    
'SQNS','NYSE'   
'SCI','NYSE'    
'SHP','NYSE'    
'SJR','NYSE'    
'SHAW','NYSE'   
'SHW','NYSE'    
'SHG','NYSE'    
'SFL','NYSE'    
'SI','NYSE'     
'SIG','NYSE'    
'SLW','NYSE'    
'SVM','NYSE'    
'AAZ-K','NYSE'  
'ZYZ-K','NYSE'  
'DDZ-K','NYSE'  
'FFZ-K','NYSE'  
'IIZ-K','NYSE'  
'SCR','NYSE'    
'SPG','NYSE'    
'SPG-J','NYSE'  
'SSD','NYSE'    
'SMS','NYSE'    
'SGF','NYSE'    
'SHI','NYSE'    
'SIX','NYSE'    
'SJW','NYSE'    
'SKM','NYSE'    
'SKX','NYSE'    
'SKH','NYSE'    
'SKY','NYSE'    
'SLG','NYSE'    
'SLG-C','NYSE'  
'SLG-D','NYSE'  
'ISM','NYSE'    
'JSM','NYSE'    
'OSM','NYSE'    
'SLM','NYSE'    
'SLM-A','NYSE'  
'SLM-B','NYSE'  
'SM','NYSE'     
'ZYY','NYSE'    
'ZYY-A','NYSE'  
'ZZA','NYSE'    
'ZZB','NYSE'    
'ZZD','NYSE'    
'ZZE','NYSE'    
'ZZF','NYSE'    
'ZZG','NYSE'    
'ZZH','NYSE'    
'ZZI','NYSE'    
'ZZJ','NYSE'    
'ZZJJ','NYSE'   
'SNN','NYSE'    
'AOS','NYSE'    
'SFD','NYSE'    
'SNA','NYSE'    
'SQM','NYSE'    
'SWI','NYSE'    
'SLH','NYSE'    
'SOA','NYSE'    
'SOA-WS','NYSE' 
'SAH','NYSE'    
'SON','NYSE'    
'SNE','NYSE'    
'BID','NYSE'    
'SFUN','NYSE'   
'SOR','NYSE'    
'SOR-','NYSE'   
'SJI','NYSE'    
'SO','NYSE'     
'SCCO','NYSE'   
'SUG','NYSE'    
'LUV','NYSE'    
'SWX','NYSE'    
'SWN','NYSE'    
'SSS','NYSE'    
'CODE','NYSE'   
'SEH','NYSE'    
'SPA','NYSE'    
'SPE','NYSE'    
'SE','NYSE'     
'SEP','NYSE'    
'SPB      
'TRK','NYSE'    
'SPR','NYSE'    
'S','NYSE'      
'SPW','NYSE'    
'JOE','NYSE'    
'STJ','NYSE'    
'STAG','NYSE'   
'STAG-A','NYSE' 
'SSI','NYSE'    
'SFG','NYSE'    
'SMP','NYSE'    
'SPF','NYSE'    
'SR','NYSE'     
'SXI','NYSE'    
'SWK','NYSE'    
'SWU','NYSE'    
'STN','NYSE'    
'SGU','NYSE'    
'SRT','NYSE'    
'HOT','NYSE'    
'STWD','NYSE'   
'STT','NYSE'    
'STO','NYSE'    
'SCS','NYSE'    
'LVB','NYSE'    
'SCL','NYSE'    
'SCL-','NYSE'   
'STE','NYSE'    
'STL','NYSE'    
'STL-A','NYSE'  
'SLT','NYSE'    
'STC','NYSE'    
'SF','NYSE'     
'SWC','NYSE'    
'STM','NYSE'    
'SGY','NYSE'    
'EDF','NYSE'    
'SRI','NYSE'    
'STRI','NYSE'   
'SGL','NYSE'    
'BEE','NYSE'    
'BEE-A','NYSE'  
'BEE-B','NYSE'  
'BEE-C','NYSE'  
'HYY','NYSE'    
'HZK','NYSE'    
'SYK','NYSE'    
'RGR','NYSE'    
'SPH','NYSE'    
'SFSF','NYSE'   
'SMFG','NYSE'   
'INN','NYSE'    
'INN-A','NYSE'  
'SUI','NYSE'    
'SLF','NYSE'    
'FGF','NYSE'    
'FGI','NYSE'    
'SXC','NYSE'    
'SU','NYSE'     
'SXL','NYSE'    
'SUN','NYSE'    
'SRZ','NYSE'    
'SHO','NYSE'    
'SHO-A','NYSE'  
'SHO-D','NYSE'  
'STP','NYSE'    
'STI','NYSE'    
'STI-WS-A'
'STI-WS-B'
'STI-A','NYSE'  
'STI-Z','NYSE'  
'SPN','NYSE'    
'SUP','NYSE'    
'SVU','NYSE'    
'SUS-A','NYSE'  
'SFY','NYSE'    
'SWFT','NYSE'   
'SWZ','NYSE'    
'SWS','NYSE'    
'SYA','NYSE'    
'SMA','NYSE'    
'SYT','NYSE'    
'SNX','NYSE'    
'SNV','NYSE'    
'SNV-T','NYSE'  
'GJD','NYSE'    
'GJH','NYSE'    
'GJI','NYSE'    
'GJJ','NYSE'    
'GJK','NYSE'    
'GJN','NYSE'    
'GJO','NYSE'    
'GJS','NYSE'    
'GJP','NYSE'    
'GJR','NYSE'    
'GJT','NYSE'    
'GJV','NYSE'    
'SYY','NYSE'    
'SYX','NYSE'    
'SYSW','NYSE'   
'TWN','NYSE'    
'TSM','NYSE'    
'XRS','NYSE'    
'TAL','NYSE'    
'TLB','NYSE'    
'TLM','NYSE'    
'TAM','NYSE'    
'SKT','NYSE'    
'TAOM','NYSE'   
'NGLS','NYSE'   
'TRGP','NYSE'   
'TGT','NYSE'    
'TCL','NYSE'    
'TTM','NYSE'    
'TCO','NYSE'    
'TCO-G','NYSE'  
'TCO-H','NYSE'  
'TCB','NYSE'    
'TCB-WS','NYSE' 
'TCB-A','NYSE'  
'TSI','NYSE'    
'TEL','NYSE'    
'TMH','NYSE'    
'TEA','NYSE'    
'TCK','NYSE'    
'TE','NYSE'     
'TK','NYSE'     
'TGP','NYSE'    
'TOO','NYSE'    
'TNK','NYSE'    
'TRC','NYSE'    
'TSU','NYSE'    
'TNE','NYSE'    
'TEO','NYSE'    
'NZT','NYSE'    
'TI','NYSE'     
'TI-A','NYSE'   
'TDY','NYSE'    
'TFX','NYSE'    
'VIV','NYSE'    
'TEF','NYSE'    
'TMX','NYSE'    
'TDE','NYSE'    
'TDI','NYSE'    
'TDJ','NYSE'    
'TDS','NYSE'    
'TDS-S','NYSE'  
'TU','NYSE'     
'TIN','NYSE'    
'TDF','NYSE'    
'EMF','NYSE'    
'TEI','NYSE'    
'GIM','NYSE'    
'TRF','NYSE'    
'TPX','NYSE'    
'TS','NYSE'     
'THC','NYSE'    
'TNC','NYSE'    
'TEN','NYSE'    
'TVC','NYSE'    
'TVE','NYSE'    
'TDC','NYSE'    
'TER','NYSE'    
'TEX','NYSE'    
'TX','NYSE'     
'TNH','NYSE'    
'TRNO','NYSE'   
'TLLP','NYSE'   
'TSO','NYSE'    
'TTI','NYSE'    
'TXI','NYSE'    
'TXN','NYSE'    
'TPL','NYSE'    
'TGH','NYSE'    
'TXT','NYSE'    
'TTF','NYSE'    
'ACTV','NYSE'   
'AES','NYSE'    
'AES-C','NYSE'  
'BX','NYSE'     
'CSFS','NYSE'   
'SCHW','NYSE'   
'EXBD','NYSE'   
'SRV','NYSE'    
'DNY','NYSE'    
'GRX','NYSE'    
'GRX-A','NYSE'  
'GDL','NYSE'    
'GDL-B','NYSE'  
'THG','NYSE'    
'XOXO','NYSE'   
'TRV','NYSE'    
'TGX','NYSE'    
'TMO','NYSE'    
'THR','NYSE'    
'TNB','NYSE'    
'TC','NYSE'     
'TRI','NYSE'    
'THO','NYSE'    
'TDW','NYSE'    
'TIF','NYSE'    
'THI','NYSE'    
'TWC','NYSE'    
'TWX','NYSE'    
'TKR','NYSE'    
'TWI','NYSE'    
'TIE','NYSE'    
'TJX','NYSE'    
'TMS','NYSE'    
'TNS','NYSE'    
'TOL','NYSE'    
'TR','NYSE'     
'TRU','NYSE'    
'TMK','NYSE'    
'TMK-A','NYSE'  
'TTC','NYSE'    
'TD','NYSE'     
'TTO','NYSE'    
'TYY','NYSE'    
'TYY-B','NYSE'  
'TYG','NYSE'    
'TYG-A','NYSE'  
'NTG','NYSE'    
'TYN','NYSE'    
'TTP','NYSE'    
'TPZ','NYSE'    
'TSS','NYSE'    
'TOT','NYSE'    
'TOWR','NYSE'   
'TW','NYSE'     
'TM','NYSE'     
'TAC','NYSE'    
'TAI','NYSE'    
'TRH','NYSE'    
'TRP','NYSE'    
'TCI','NYSE'    
'TDG','NYSE'    
'TLP','NYSE'    
'RIG','NYSE'    
'TGS','NYSE'    
'TRR','NYSE'    
'TG','NYSE'     
'THS','NYSE'    
'TREX','NYSE'   
'TY','NYSE'     
'TY-','NYSE'    
'TCAP','NYSE'   
'TSL','NYSE'    
'TRN','NYSE'    
'GTS','NYSE'    
'TGI','NYSE'    
'TBI','NYSE'    
'TZK','NYSE'    
'TRW','NYSE'    
'TYW','NYSE'    
'TNP','NYSE'    
'TUP','NYSE'    
'TKC','NYSE'    
'TKF','NYSE'    
'TPC','NYSE'    
'TWO','NYSE'    
'TYC','NYSE'    
'TYL','NYSE'    
'TSN','NYSE'    
'USB','NYSE'    
'USB-A','NYSE'  
'USB-G','NYSE'  
'USB-H','NYSE'  
'USB-I','NYSE'  
'USB-J','NYSE'  
'USB-K','NYSE'  
'USB-L','NYSE'  
'UXG','NYSE'    
'UBS','NYSE'    
'UBS-D','NYSE'  
'UGI','NYSE'    
'UIL','NYSE'    
'UPL','NYSE'    
'UGP','NYSE'    
'UA','NYSE'     
'UFI','NYSE'    
'UNF','NYSE'    
'UN','NYSE'     
'UL','NYSE'     
'UNP','NYSE'    
'UNS','NYSE'    
'UIS','NYSE'    
'UIS-A','NYSE'  
'UNT','NYSE'    
'UAL','NYSE'    
'UDR','NYSE'    
'UDR-G','NYSE'  
'UMC','NYSE'    
'UPS','NYSE'    
'URI','NYSE'    
'USM','NYSE'    
'UZA','NYSE'    
'X','NYSE'      
'UTX','NYSE'    
'UNH','NYSE'    
'UTL','NYSE'    
'UAM','NYSE'    
'UVV','NYSE'    
'UHT','NYSE'    
'UHS','NYSE'    
'UTI','NYSE'    
'UTA','NYSE'    
'IN','NYSE'     
'UNM','NYSE'    
'URS','NYSE'    
'UBA','NYSE'    
'UBP','NYSE'    
'UBP-C','NYSE'  
'UBP-D','NYSE'  
'LCC','NYSE'    
'USNA','NYSE'   
'USU','NYSE'    
'USG','NYSE'    
'BIF','NYSE'    
'VFC','NYSE'    
'EGY','NYSE'    
'MTN','NYSE'    
'VCI','NYSE'    
'CJS','NYSE'    
'CJT','NYSE'    
'VALE','NYSE'   
'VALE-P','NYSE' 
'VRX','NYSE'    
'VLO','NYSE'    
'VHI','NYSE'    
'VR','NYSE'     
'VLY','NYSE'    
'VLY-WS','NYSE' 
'VLY-A','NYSE'  
'VMI','NYSE'    
'VAL','NYSE'    
'VIT','NYSE'    
'VHS','NYSE'    
'VNR','NYSE'    
'VAR','NYSE'    
'VGR','NYSE'    
'VVC','NYSE'    
'VQ','NYSE'     
'VTR','NYSE'    
'VE','NYSE'     
'PAY','NYSE'    
'VZ','NYSE'     
'VRS','NYSE'    
'VNV','NYSE'    
'VVI','NYSE'    
'VCO','NYSE'    
'VEL-E','NYSE'  
'V','NYSE'      
'VSH','NYSE'    
'VPG','NYSE'    
'VC','NYSE'     
'VSI','NYSE'    
'VMW','NYSE'    
'VOC','NYSE'    
'VG','NYSE'     
'VNOD','NYSE'   
'VNO','NYSE'    
'VNO-A','NYSE'  
'VNO-E','NYSE'  
'VNO-F','NYSE'  
'VNO-G','NYSE'  
'VNO-H','NYSE'  
'VNO-I','NYSE'  
'VNO-J','NYSE'  
'VMC','NYSE'    
'WTI','NYSE'    
'WPC','NYSE'    
'WRB','NYSE'    
'WRB-A','NYSE'  
'GRA','NYSE'    
'GWW','NYSE'    
'WNC','NYSE'    
'WBC','NYSE'    
'WB-B','NYSE'   
'WB-C','NYSE'   
'WNA-','NYSE'   
'WDR','NYSE'    
'WAG','NYSE'    
'WD','NYSE'     
'WMT','NYSE'    
'DIS','NYSE'    
'WLT','NYSE'    
'WRC','NYSE'    
'WPO','NYSE'    
'WRE','NYSE'    
'WCN','NYSE'    
'WM','NYSE'     
'WAT','NYSE'    
'WSO','NYSE'    
'WPI','NYSE'    
'WTS','NYSE'    
'WPP','NYSE'    
'WFT','NYSE'    
'WBS','NYSE'    
'WBS-WS','NYSE' 
'WTW','NYSE'    
'WRD','NYSE'    
'WRI','NYSE'    
'WRI-D','NYSE'  
'WRI-E','NYSE'  
'WRI-F','NYSE'  
'WMK','NYSE'    
'WCG','NYSE'    
'WLP','NYSE'    
'BWF','NYSE'    
'FWF','NYSE'    
'GWF','NYSE'    
'JWF','NYSE'    
'WFC','NYSE'    
'WFC-WS','NYSE' 
'WFC-J','NYSE'  
'WFC-L','NYSE'  
'WPK','NYSE'    
'EOD','NYSE'    
'WEN','NYSE'    
'WAIR','NYSE'   
'WCC','NYSE'    
'WST','NYSE'    
'WR','NYSE'     
'WRS','NYSE'    
'WAL','NYSE'    
'WEA','NYSE'    
'ESD','NYSE'    
'EMD','NYSE'    
'GDO','NYSE'    
'EHI','NYSE'    
'GDF','NYSE'    
'HIX','NYSE'    
'HIF','NYSE'    
'HIO','NYSE'    
'HYI','NYSE'    
'IMF','NYSE'    
'IGI','NYSE'    
'MHY','NYSE'    
'MMU','NYSE'    
'DMO','NYSE'    
'MTT','NYSE'    
'MHF','NYSE'    
'MNP','NYSE'    
'GFY','NYSE'    
'SBW','NYSE'    
'WIW','NYSE'    
'WIA','NYSE'    
'WDC','NYSE'    
'WES','NYSE'    
'WNR','NYSE'    
'WU','NYSE'     
'WAB','NYSE'    
'WLK','NYSE'    
'WBK','NYSE'    
'WHG','NYSE'    
'WY','NYSE'     
'WGL','NYSE'    
'WHR','NYSE'    
'WTM','NYSE'    
'WLL','NYSE'    
'WLL-A','NYSE'  
'WHX','NYSE'    
'WG','NYSE'     
'WMB','NYSE'    
'WPZ','NYSE'    
'WSM','NYSE'    
'WSH','NYSE'    
'WGO','NYSE'    
'WIT','NYSE'    
'WEC','NYSE'    
'WMS','NYSE'    
'WNS','NYSE'    
'WWW','NYSE'    
'WF','NYSE'     
'INT','NYSE'    
'WWE','NYSE'    
'WOR','NYSE'    
'WXS','NYSE'    
'WH','NYSE'     
'WX','NYSE'     
'WYN','NYSE'    
'XCJ','NYSE'    
'XEL','NYSE'    
'XRM','NYSE'    
'XRX','NYSE'    
'XIN','NYSE'    
'XL','NYSE'     
'XUE','NYSE'    
'AUY','NYSE'    
'YZC','NYSE'    
'YGE','NYSE'    
'YOKU','NYSE'   
'YPF','NYSE'    
'YUM','NYSE'    
'ZLC','NYSE'    
'ZEP','NYSE'    
'ZMH','NYSE'    
'HZD','NYSE'    
'ZB-A','NYSE'   
'ZB-B','NYSE'   
'ZB-C','NYSE'   
'ZB-E','NYSE'   
'ZA','NYSE'     
'ZF','NYSE'     
'ZTR','NYSE'